typicaled,occupation,lessthanhs,hsdiploma,somecollege,associates,bachelors,masters,professional,hsorless,somecollegeorassociates,postgrad,TOT_EMP,A_MEDIAN,natlwage,workexp,probability,total,reveal,sum_tot_emp,weight,mean_prob,
Associate's degree,Chemical Technicians,2.9,22.1,25.8,14.7,25.6,5.2,3.7,25,40.5,8.9,64550,47280,3292695500,None,57,65500,4,1869840,0.03452167,50.06446167,
Associate's degree,Dietetic Technicians,1.8,20.1,34.7,21.6,18.2,2.5,1.1,21.9,56.3,3.6,33370,26500,988085700,None,13,32190,4,1869840,0.017846447,50.06446167,
Associate's degree,Electro-Mechanical Technicians,3.5,22.4,31,22.6,17.1,2.9,0.6,25.9,53.6,3.5,13050,56740,776344500,None,81,12730,4,1869840,0.006979207,50.06446167,
Associate's degree,Medical Equipment Repairers,3.9,23.3,28.7,20.7,18.6,3.9,0.9,27.2,49.4,4.8,43670,48820,2282194200,None,27,42200,4,1869840,0.023354939,50.06446167,
Associate's degree,Nuclear Technicians,3.4,22.4,21.9,16.8,26,6.4,3,25.8,38.7,9.4,6850,80370,548000000,None,85,4490,4,1869840,0.003663415,50.06446167,
Associate's degree,Air Traffic Controllers,0.6,9.5,32.6,14.7,34.5,6.9,1.1,10.1,47.3,8,22790,124540,2740725400,None,11,20330,4,1869840,0.012188209,50.06446167,
Associate's degree,Architectural and Civil Drafters,0.8,11.1,28,32.8,22.8,3.9,0.6,11.9,60.8,4.5,95960,52870,5288355600,None,52,96780,4,1869840,0.051319899,50.06446167,
Associate's degree,Aerospace Engineering and Operations Technicians,3.5,22.4,31,22.6,17.1,2.9,0.6,25.9,53.6,3.5,11710,67240,835391400,None,48,8470,4,1869840,0.006262568,50.06446167,
Associate's degree,Geological and Petroleum Technicians,3.4,22.4,21.9,16.8,26,6.4,3,25.8,38.7,9.4,14820,54190,940329000,None,91,14570,4,1869840,0.007925812,50.06446167,
Associate's degree,Industrial Engineering Technicians,3.5,22.4,31,22.6,17.1,2.9,0.6,25.9,53.6,3.5,65020,54280,3758806200,None,3,60810,4,1869840,0.034773029,50.06446167,
Associate's degree,Diagnostic Medical Sonographers,1.3,6.1,17.1,43.2,26.7,4,1.6,7.4,60.3,5.6,68750,71410,5032500000,None,35,65790,4,1869840,0.036767852,50.06446167,
Associate's degree,Physical Therapist Assistants,1.5,6.1,13.4,51.8,23.5,2.4,1.4,7.6,65.2,3.8,90170,57430,5195595400,None,1.8,85590,4,1869840,0.048223377,50.06446167,
Associate's degree,Environmental Engineering Technicians,3.5,22.4,31,22.6,17.1,2.9,0.6,25.9,53.6,3.5,17590,50230,942999900,None,25,16500,4,1869840,0.009407222,50.06446167,
Associate's degree,Electrical and Electronics Drafters,0.8,11.1,28,32.8,22.8,3.9,0.6,11.9,60.8,4.5,26060,59690,1660543200,None,81,26750,4,1869840,0.013937021,50.06446167,
Associate's degree,Occupational Therapy Assistants,0,0.7,6.1,75.7,15.4,1.3,0.8,0.7,81.8,2.1,41650,59310,2476925500,None,2.8,38170,4,1869840,0.022274633,50.06446167,
Associate's degree,Respiratory Therapists,0.3,1.2,12.7,54.4,27.6,2.8,1,1.5,67.1,3.8,128250,59710,7927132500,None,6.6,126820,4,1869840,0.068588756,50.06446167,
Associate's degree,Respiratory Therapy Technicians,1.8,20.1,34.7,21.6,18.2,2.5,1.1,21.9,56.3,3.6,9600,50350,488640000,None,10,10150,4,1869840,0.005134129,50.06446167,
Associate's degree,Cardiovascular Technologists and Technicians,1.3,6.1,17.1,43.2,26.7,4,1.6,7.4,60.3,5.6,56130,55270,3213442500,None,23,53480,4,1869840,0.030018611,50.06446167,
Associate's degree,Mechanical Engineering Technicians,3.5,22.4,31,22.6,17.1,2.9,0.6,25.9,53.6,3.5,43390,55360,2524430200,None,38,45360,4,1869840,0.023205194,50.06446167,
Associate's degree,Paralegals and Legal Assistants,1,10.6,24.1,20,34.9,6.2,3.2,11.6,44.1,9.4,290410,50410,15656003100,None,94,266740,4,1869840,0.155312754,50.06446167,
Associate's degree,Agricultural and Food Science Technicians,8.3,22.3,25,13.7,24.8,4.1,1.8,30.6,38.7,5.9,21120,39910,906259200,None,97,20190,4,1869840,0.011295084,50.06446167,
Associate's degree,Forest and Conservation Technicians,3.2,15,21,13.5,32.3,11.5,3.5,18.2,34.5,15,30570,36130,1197732600,None,42,29300,4,1869840,0.016348992,50.06446167,
Associate's degree,Desktop Publishers,2.1,18.5,28.4,13.1,28.5,8.2,1.2,20.6,41.5,9.4,12000,42350,542040000,None,16,12820,4,1869840,0.006417661,50.06446167,
Associate's degree,Nuclear Medicine Technologists,1.3,6.1,17.1,43.2,26.7,4,1.6,7.4,60.3,5.6,18930,75660,1470103800,None,13,19630,4,1869840,0.010123861,50.06446167,
Associate's degree,Electrical and Electronics Engineering Technicians,3.5,22.4,31,22.6,17.1,2.9,0.6,25.9,53.6,3.5,128320,63660,8249692800,None,84,130530,4,1869840,0.068626193,50.06446167,
Associate's degree,Mechanical Drafters,0.8,11.1,28,32.8,22.8,3.9,0.6,11.9,60.8,4.5,58190,55130,3383748500,None,68,63620,4,1869840,0.03112031,50.06446167,
Associate's degree,Radiation Therapists,0,2.7,8.9,31.7,45.9,8.2,2.6,2.7,40.6,10.8,17250,80570,1469527500,None,34,17130,4,1869840,0.009225388,50.06446167,
Associate's degree,Avionics Technicians,1.6,16.5,34.5,31.2,13.7,1.4,1.1,18.1,65.7,2.5,18620,62650,1185163000,None,70,16140,4,1869840,0.009958071,50.06446167,
Associate's degree,Embalmers,3.5,31.5,22.8,17.1,20.1,4.5,0.6,35,39.9,5.1,4200,42780,189168000,None,54,3070,4,1869840,0.002246181,50.06446167,
Associate's degree,Broadcast Technicians,1.3,17.9,29.4,16.7,30.4,3.7,0.5,19.2,46.1,4.2,30390,39060,1420124700,None,74,30310,4,1869840,0.016252728,50.06446167,
Associate's degree,Dental Hygienists,0.4,2.2,8.1,51.5,32.8,2.4,2.5,2.6,59.6,4.9,211600,74070,15802288000,None,68,204990,4,1869840,0.113164763,50.06446167,
Associate's degree,Civil Engineering Technicians,3.5,22.4,31,22.6,17.1,2.9,0.6,25.9,53.6,3.5,71430,51620,3828648000,None,75,72160,4,1869840,0.03820113,50.06446167,
Associate's degree,Veterinary Technologists and Technicians,1.8,20.1,34.7,21.6,18.2,2.5,1.1,21.9,56.3,3.6,103430,33400,3590055300,None,2.9,99400,4,1869840,0.055314893,50.06446167,
Bachelor's degree,Accountants and Auditors,0,4,7.6,9.2,55.6,20.8,2.8,4,16.8,23.6,1241000,69350,96698720000,None,94,1246530,5,18399270,0.067448328,20.48631844,
Bachelor's degree,Actuaries,0,0,1.2,1.5,62.1,24.9,10.3,0,2.7,35.2,19210,101560,2206268500,None,21,19550,5,18399270,0.001044063,20.48631844,
Bachelor's degree,Financial Analysts,0.5,2.6,6,3.5,50.8,33.2,3.4,3.1,9.5,36.6,294110,84300,29243357300,None,23,271960,5,18399270,0.015984873,20.48631844,
Bachelor's degree,Administrative Services Managers,2.1,17.9,26.1,12.1,29.7,10.3,1.7,20,38.2,12,270100,94020,27922938000,Less than 5 years,73,266270,5,18399270,0.01467993,20.48631844,
Bachelor's degree,Adult Basic and Secondary Education and Literacy Teachers and Instructors,1.8,10.2,18.4,8.5,35.9,20.5,4.7,12,26.9,25.2,60670,52100,3446056000,None,19,55900,5,18399270,0.003297413,20.48631844,
Bachelor's degree,Advertising and Promotions Managers,0.7,5,11.1,4.4,62.7,13.3,2.8,5.7,15.5,16.1,28100,106130,3481028000,Less than 5 years,3.9,28080,5,18399270,0.001527235,20.48631844,
Bachelor's degree,Dietitians and Nutritionists,2.5,12.2,9.9,4,37.5,27.3,6.6,14.7,13.9,33.9,62980,59410,3788247000,None,0.39,61430,5,18399270,0.003422962,20.48631844,
Bachelor's degree,Compensation and Benefits Managers,0.2,7.4,13.7,8.4,47.2,22.8,0.4,7.6,22.1,23.2,15520,119120,2017755200,5 years or more,96,15100,5,18399270,8.44E-04,20.48631844,
Bachelor's degree,Aerospace Engineers,0.7,1.8,6.7,4.6,49.1,31.9,5.3,2.5,11.3,37.2,65760,113030,7582128000,None,1.7,58500,5,18399270,0.003574055,20.48631844,
Bachelor's degree,Biomedical Engineers,0,2.6,3.6,16.3,43.7,25.8,8.1,2.6,19.9,33.9,20100,88040,1868697000,None,3.7,20360,5,18399270,0.001092435,20.48631844,
Bachelor's degree,Agricultural Engineers,0,2.6,3.6,16.3,43.7,25.8,8.1,2.6,19.9,33.9,1770,74780,138006900,None,49,1410,5,18399270,9.62E-05,20.48631844,
Bachelor's degree,Agricultural Inspectors,9.4,18.3,20.2,13.6,32.1,4.6,1.8,27.7,33.8,6.4,13960,43390,627222800,None,94,13710,5,18399270,7.59E-04,20.48631844,
Bachelor's degree,Writers and Authors,0.8,3.1,9.6,3.7,50.5,24.1,8.2,3.9,13.3,32.3,45300,61820,3267036000,None,3.8,44700,5,18399270,0.002462054,20.48631844,
Bachelor's degree,Editors,0.6,3.3,10,3.5,55.9,21.2,5.6,3.9,13.5,26.8,96890,58770,6610804700,Less than 5 years,5.5,97150,5,18399270,0.00526597,20.48631844,
Bachelor's degree,Management Analysts,0.7,4.8,11.5,4.7,42.3,28.7,7.3,5.5,16.2,36,659200,82450,61595648000,Less than 5 years,13,619430,5,18399270,0.035827508,20.48631844,
Bachelor's degree,Reporters and Correspondents,0.7,2.3,8.5,3.9,61.4,20.8,2.4,3,12.4,23.2,38790,39370,1999624500,None,11,40080,5,18399270,0.002108236,20.48631844,
Bachelor's degree,Electrical Engineers,0.7,3.2,8.5,8.1,49.3,24.1,6.1,3.9,16.6,30.2,183370,95060,18259984600,None,10,183780,5,18399270,0.009966156,20.48631844,
Bachelor's degree,Marine Engineers and Naval Architects,2.1,6.2,7.7,8.9,53.1,20.2,1.8,8.3,16.6,22,10960,90970,1062133600,None,1,7220,5,18399270,5.96E-04,20.48631844,
Bachelor's degree,Market Research Analysts and Marketing Specialists,0.7,3.8,9.4,5.3,54.3,23.4,3.1,4.5,14.7,26.5,596450,63230,42616352500,None,61,547820,5,18399270,0.032417047,20.48631844,
Bachelor's degree,Animal Scientists,0,0,0,0,53.5,30,16.5,0,0,46.5,2550,60760,175542000,None,6.1,2090,5,18399270,1.39E-04,20.48631844,
Bachelor's degree,Marketing Managers,0.9,7.4,15.7,6.5,50.5,17.4,1.6,8.3,22.2,19,218970,132230,31886411400,5 years or more,1.4,205900,5,18399270,0.011901016,20.48631844,
Bachelor's degree,Occupational Health and Safety Specialists,1.9,11.4,14.2,7.8,36.8,25,2.8,13.3,22,27.8,81330,71780,5985888000,None,17,76640,5,18399270,0.004420284,20.48631844,
Bachelor's degree,Appraisers and Assessors of Real Estate,0.7,11.2,24.8,9.6,42.8,9,2,11.9,34.4,11,58880,54010,3581670400,None,90,60500,5,18399270,0.003200127,20.48631844,
Bachelor's degree,Emergency Management Directors,0,3.6,22.3,10.8,40,22.4,0.9,3.6,33.1,23.3,9560,72760,775698400,5 years or more,0.3,9540,5,18399270,5.20E-04,20.48631844,
Bachelor's degree,Architectural and Engineering Managers,0.8,3.5,6.9,4.2,45.1,33.8,5.8,4.3,11.1,39.6,179990,137720,26330737100,5 years or more,1.7,177540,5,18399270,0.009782453,20.48631844,
Bachelor's degree,Cartographers and Photogrammetrists,0.9,4.3,8.9,6.3,65.8,11,2.8,5.2,15.2,13.8,11440,63990,770941600,None,88,11940,5,18399270,6.22E-04,20.48631844,
Bachelor's degree,Art Directors,2.5,11.3,18.7,8.4,46.4,11.3,1.4,13.8,27.1,12.7,38110,92500,3944766100,5 years or more,2.3,36120,5,18399270,0.002071278,20.48631844,
Bachelor's degree,Environmental Engineers,0.2,4.5,4.6,3.5,47.2,34.4,5.5,4.7,8.1,39.9,52640,86800,4799715200,None,1.8,52300,5,18399270,0.002860983,20.48631844,
Bachelor's degree,Mechanical Engineers,0.8,3.8,9.1,9.8,51.9,21.1,3.5,4.6,18.9,24.6,291290,85880,26653035000,None,1.1,285840,5,18399270,0.015831606,20.48631844,
Bachelor's degree,Athletic Trainers,1.9,11.4,14.2,7.8,36.8,25,2.8,13.3,22,27.8,25010,46630,1216236300,None,0.71,23960,5,18399270,0.001359293,20.48631844,
Bachelor's degree,Atmospheric and Space Scientists,0,1.9,4.4,2.7,45,27.5,18.5,1.9,7.1,46,8940,92070,837767400,None,67,8960,5,18399270,4.86E-04,20.48631844,
Bachelor's degree,Interpreters and Translators,2.7,12.2,18.7,13.5,32.6,15.6,4.7,14.9,32.2,20.3,53150,47190,2752638500,None,38,49810,5,18399270,0.002888702,20.48631844,
Bachelor's degree,Audio-Visual and Multimedia Collections Specialists,0.4,5,7.2,4.7,30.3,42.9,9.5,5.4,11.9,52.4,10430,48590,534954700,Less than 5 years,39,9960,5,18399270,5.67E-04,20.48631844,
Bachelor's degree,Credit Counselors,1.1,14.3,24.4,9.7,40.1,9,1.3,15.4,34.1,10.3,35900,44710,1775614000,None,4,27140,5,18399270,0.001951164,20.48631844,
Bachelor's degree,Chemists,0.5,2,2.7,1.2,53,21.7,18.8,2.5,3.9,40.5,84400,74740,6909828000,None,10,84580,5,18399270,0.004587139,20.48631844,
Bachelor's degree,Chief Executives,1.5,9,14.7,5.4,39.8,22.3,7.4,10.5,20.1,29.7,210160,183270,41201868000,5 years or more,1.5,223270,5,18399270,0.011422192,20.48631844,
Bachelor's degree,Training and Development Managers,0.5,6.1,15.9,10.4,39.8,23,4.3,6.6,26.3,27.3,34500,108250,4060305000,5 years or more,0.63,32850,5,18399270,0.001875074,20.48631844,
Bachelor's degree,Fashion Designers,2.3,9.5,16.7,12.5,48.2,9.3,1.5,11.8,29.2,10.8,18940,67420,1493797800,None,2.1,18710,5,18399270,0.001029389,20.48631844,
Bachelor's degree,Database Administrators,0.7,5.7,12.5,8.8,45.1,24.2,3,6.4,21.3,27.2,113690,87020,10124094500,None,3,113730,5,18399270,0.006179049,20.48631844,
Bachelor's degree,Purchasing Managers,0.8,10.8,19.2,7.7,39.9,18.5,3.1,11.6,26.9,21.6,70430,115760,8579078300,5 years or more,3,70270,5,18399270,0.003827869,20.48631844,
Bachelor's degree,Microbiologists,0,0,0,0,47.5,31.4,21,0,0,52.4,21870,69960,1714608000,None,1.2,19620,5,18399270,0.001188634,20.48631844,
Bachelor's degree,Film and Video Editors,1.4,5.6,17.1,10.8,54.1,10.1,1,7,27.9,11.1,30770,61180,2583141500,None,31,29570,5,18399270,0.001672349,20.48631844,
Bachelor's degree,Clergy,2.7,6.6,11.3,4.3,25.3,35.1,14.7,9.3,15.6,49.8,49850,47100,2532380000,None,0.81,49100,5,18399270,0.002709347,20.48631844,
Bachelor's degree,Financial Examiners,0,4.9,6.4,6.7,58.8,21.4,1.8,4.9,13.1,23.2,52580,81690,4825792400,None,17,47650,5,18399270,0.002857722,20.48631844,
Bachelor's degree,Financial Managers,1.1,10,17.6,7.9,41.2,19.7,2.5,11.1,25.5,22.2,569380,125080,81723111400,5 years or more,6.9,543290,5,18399270,0.030945793,20.48631844,
Bachelor's degree,Geographers,0,3,5.5,2.4,35.6,38.7,14.9,3,7.9,53.6,1400,76860,107506000,None,25,770,5,18399270,7.61E-05,20.48631844,
Bachelor's degree,Construction Managers,6.9,25.3,24.5,8.4,28.2,5.8,0.8,32.2,32.9,6.6,263480,91370,26611480000,None,7.1,249690,5,18399270,0.014320133,20.48631844,
Bachelor's degree,Hydrologists,0,0,0,0,52.4,36.3,11.3,0,0,47.6,6350,79990,535241500,None,1.4,5990,5,18399270,3.45E-04,20.48631844,
Bachelor's degree,Biological Technicians,5.7,14.1,18.9,16.4,31.1,8.7,5.1,19.8,35.3,13.8,74980,43800,3554801800,None,30,74250,5,18399270,0.004075162,20.48631844,
Bachelor's degree,Recreational Therapists,0.8,5.7,6.8,7.2,65.3,12.3,1.7,6.5,14,14,18490,47680,918398300,None,0.28,18080,5,18399270,0.001004931,20.48631844,
Bachelor's degree,Museum Technicians and Conservators,0.6,5.5,8.5,3.7,30.8,42.7,8.3,6.1,12.2,51,12290,40670,552681300,None,59,10790,5,18399270,6.68E-04,20.48631844,
Bachelor's degree,Music Directors and Composers,3.5,13.8,20.4,4.9,32.8,19.5,5.1,17.3,25.3,24.6,15400,50590,946946000,Less than 5 years,1.5,18090,5,18399270,8.37E-04,20.48631844,
Bachelor's degree,Registered Nurses,0.3,1,5,33,49.6,9.2,1.8,1.3,38,11,2906840,70000,2.13798E+11,None,0.9,0,5,18399270,0.157986703,20.48631844,
Bachelor's degree,Broadcast News Analysts,0.7,2.3,8.5,3.9,61.4,20.8,2.4,3,12.4,23.2,5700,62910,503025000,None,6.7,4460,5,18399270,3.10E-04,20.48631844,
Bachelor's degree,Network and Computer Systems Administrators,0.4,7.2,23.3,15.1,40.7,12,1.2,7.6,38.4,13.2,375040,81100,32380953600,None,3,376820,5,18399270,0.020383417,20.48631844,
Bachelor's degree,Forensic Science Technicians,3.2,15,21,13.5,32.3,11.5,3.5,18.2,34.5,15,15070,57850,922585400,None,0.95,14350,5,18399270,8.19E-04,20.48631844,
Bachelor's degree,Budget Analysts,0.4,6.4,13,7,42.6,26.4,4.2,6.8,20,30.6,54550,75240,4291994000,None,94,52450,5,18399270,0.002964792,20.48631844,
Bachelor's degree,Nuclear Engineers,0.4,2.9,7.8,6.9,47.9,26.9,7.2,3.3,14.7,34.1,16700,105810,1818797000,None,7,13790,5,18399270,9.08E-04,20.48631844,
Bachelor's degree,Fish and Game Wardens,2.2,21.3,26.3,15,29.8,5.4,0,23.5,41.3,5.4,6020,56410,352591400,None,8,5610,5,18399270,3.27E-04,20.48631844,
Bachelor's degree,Foresters,0,0,0,0,76.5,18.8,4.7,0,0,23.5,8300,60120,512193000,None,0.81,7920,5,18399270,4.51E-04,20.48631844,
Bachelor's degree,Surveyors,0.9,4.3,8.9,6.3,65.8,11,2.8,5.2,15.2,13.8,43430,61140,2835979000,None,38,43300,5,18399270,0.00236042,20.48631844,
Bachelor's degree,Industrial Engineers,0.7,7,12.5,8.6,50.8,18.4,2.1,7.7,21.1,20.5,265520,85880,23987076800,None,2.9,256560,5,18399270,0.014431007,20.48631844,
Bachelor's degree,Compliance Officers,1.1,7.9,18.1,8.4,40.4,17.1,7,9,26.5,24.1,287130,67870,20541280200,None,8,266710,5,18399270,0.01560551,20.48631844,
Bachelor's degree,Technical Writers,0.4,5.3,9.8,6.3,48.9,21.8,7.5,5.7,16.1,29.3,49960,70930,3719022400,Less than 5 years,89,49760,5,18399270,0.002715325,20.48631844,
Bachelor's degree,Materials Scientists,0.5,2,2.7,1.2,53,21.7,18.8,2.5,3.9,40.5,7470,99530,761267700,None,2.1,6830,5,18399270,4.06E-04,20.48631844,
Bachelor's degree,Cost Estimators,2.7,23.1,27.7,11.6,29.9,4.4,0.6,25.8,39.3,5,210900,63110,14429778000,None,57,214590,5,18399270,0.011462411,20.48631844,
Bachelor's degree,Food Scientists and Technologists,0,0,0,0,53.5,30,16.5,0,0,46.5,15020,63660,1081289800,None,7.7,12430,5,18399270,8.16E-04,20.48631844,
Bachelor's degree,Operations Research Analysts,0.4,5.8,13.3,6.2,41.1,28.4,4.7,6.2,19.5,33.1,106050,81390,9174385500,None,3.5,108400,5,18399270,0.005763816,20.48631844,
Bachelor's degree,Personal Financial Advisors,0.3,3.9,10.7,5,51.8,22.8,5.6,4.2,15.7,28.4,200920,90640,24942208800,None,58,201120,5,18399270,0.010919998,20.48631844,
Bachelor's degree,Insurance Underwriters,0.6,13.3,19.3,8.7,46.5,9.1,2.5,13.9,28,11.6,89910,69760,6982410600,None,99,90310,5,18399270,0.004886607,20.48631844,
Bachelor's degree,Chemical Engineers,0.1,2.4,3.5,3.5,56.6,25.2,8.7,2.5,7,33.9,33500,102160,3766405000,None,1.7,31760,5,18399270,0.001820724,20.48631844,
Bachelor's degree,Set and Exhibit Designers,2.3,9.5,16.7,12.5,48.2,9.3,1.5,11.8,29.2,10.8,11490,53090,684689100,None,0.55,11610,5,18399270,6.24E-04,20.48631844,
Bachelor's degree,Soil and Plant Scientists,0,0,0,0,53.5,30,16.5,0,0,46.5,14180,62430,980830600,None,2.1,14510,5,18399270,7.71E-04,20.48631844,
Bachelor's degree,Credit Analysts,0.4,8.6,21.1,7.9,45.1,15.9,0.9,9,29,16.8,74850,71290,6205065000,None,98,67750,5,18399270,0.004068096,20.48631844,
Bachelor's degree,Landscape Architects,0.2,1.5,4.1,2.8,48.8,35.2,7.4,1.7,6.9,42.6,19040,65760,1349555200,None,4.5,19050,5,18399270,0.001034824,20.48631844,
Bachelor's degree,Sales Managers,0.9,7.4,15.7,6.5,50.5,17.4,1.6,8.3,22.2,19,371410,121060,51124586500,Less than 5 years,1.3,365250,5,18399270,0.020186127,20.48631844,
Bachelor's degree,Public Relations and Fundraising Managers,0.2,1.5,7.6,2.8,58.5,25.5,3.8,1.7,10.4,29.3,67300,111280,8593537000,5 years or more,1.5,63950,5,18399270,0.003657754,20.48631844,
Bachelor's degree,Training and Development Specialists,1.9,11.4,21.6,10.1,35,18.2,1.9,13.3,31.7,20.1,280340,60360,18137998000,Less than 5 years,1.4,268770,5,18399270,0.015236474,20.48631844,
Bachelor's degree,Computer Hardware Engineers,0.2,4.9,11.5,7.4,47.4,24,4.7,5.1,18.9,28.7,66770,115120,7989030500,None,22,67110,5,18399270,0.003628948,20.48631844,
Bachelor's degree,Coaches and Scouts,1.5,10.5,18.6,7,41.2,19.1,2.1,12,25.6,21.2,235400,32270,10013916000,None,1.3,229250,5,18399270,0.012793986,20.48631844,
Bachelor's degree,Civil Engineers,0.5,3.3,5.7,5.1,55.2,26.1,4,3.8,10.8,30.1,298910,84770,27436948900,None,1.9,287800,5,18399270,0.016245753,20.48631844,
Bachelor's degree,Computer Systems Analysts,0.5,4.6,13.4,7.8,47.4,23.4,2.9,5.1,21.2,26.3,581960,88270,53970970400,None,0.65,568930,5,18399270,0.031629516,20.48631844,
Bachelor's degree,Probation Officers and Correctional Treatment Specialists,0.7,5.7,11.7,5,57.6,18.1,1.1,6.4,16.7,19.2,87700,51410,4966451000,None,25,84580,5,18399270,0.004766493,20.48631844,
Bachelor's degree,Proofreaders and Copy Markers,1.2,7.2,24.7,4.6,44,16.5,1.8,8.4,29.3,18.3,11420,37550,461482200,None,84,9480,5,18399270,6.21E-04,20.48631844,
Bachelor's degree,Commercial and Industrial Designers,2.3,9.5,16.7,12.5,48.2,9.3,1.5,11.8,29.2,10.8,31250,65970,2204375000,None,3.7,31500,5,18399270,0.001698437,20.48631844,
Bachelor's degree,Human Resources Managers,2.5,11.3,18.4,8.3,36.9,19.8,2.9,13.8,26.7,22.7,136310,110120,16835648100,5 years or more,0.55,129820,5,18399270,0.007408446,20.48631844,
Bachelor's degree,General and Operations Managers,2.6,17.1,25.4,9.4,33,11.1,1.5,19.7,34.8,12.6,2212200,100410,2.73118E+11,5 years or more,16,2188870,5,18399270,0.120233031,20.48631844,
Bachelor's degree,Public Relations Specialists,0.8,3.4,8.8,4,57.2,21.9,3.9,4.2,12.8,25.8,233730,59300,15891302700,None,18,226940,5,18399270,0.012703221,20.48631844,
Bachelor's degree,Logisticians,1.8,14.5,26.6,12.8,33.1,10.4,0.8,16.3,39.4,11.2,159800,74590,12582652000,None,1.2,144320,5,18399270,0.008685127,20.48631844,
Bachelor's degree,Statistical Assistants,4.9,27.3,26.6,10.9,21.2,7.9,1.2,32.2,37.5,9.1,10110,47400,496299900,None,66,10090,5,18399270,5.49E-04,20.48631844,
Bachelor's degree,Computer and Information Systems Managers,0.4,4,14,7.7,46.1,25.2,2.6,4.4,21.7,27.8,365690,139220,54754763700,5 years or more,3.5,352540,5,18399270,0.019875245,20.48631844,
Bachelor's degree,Social and Community Service Managers,0.9,7.3,13.9,5.5,38.3,28.6,5.5,8.2,19.4,34.1,141830,64100,10003269900,Less than 5 years,0.67,126230,5,18399270,0.007708458,20.48631844,
Bachelor's degree,Conservation Scientists,0,0,0,0,76.5,18.8,4.7,0,0,23.5,22040,61480,1429294000,None,1.6,20470,5,18399270,0.001197874,20.48631844,
Bachelor's degree,Computer Programmers,0.6,4.6,12.9,8.7,50.9,19.7,2.8,5.2,21.6,22.5,247690,82240,21680305700,None,48,271230,5,18399270,0.013461947,20.48631844,
Bachelor's degree,Radio and Television Announcers,3.9,18.9,25.7,8.7,36.1,5.3,1.5,22.8,34.4,6.8,28580,32450,1361265400,None,10,29120,5,18399270,0.001553322,20.48631844,
Bachelor's degree,Petroleum Engineers,0.3,5.2,7.6,2.9,54.8,24.5,4.6,5.5,10.5,29.1,32010,132280,4954507800,None,16,31510,5,18399270,0.001739743,20.48631844,
Bachelor's degree,Multimedia Artists and Animators,2.5,11.3,18.7,8.4,46.4,11.3,1.4,13.8,27.1,12.7,29860,70530,2286081600,None,1.5,29690,5,18399270,0.00162289,20.48631844,
Bachelor's degree,Interior Designers,2.3,9.5,16.7,12.5,48.2,9.3,1.5,11.8,29.2,10.8,56070,51500,3263834700,None,2.2,53140,5,18399270,0.003047404,20.48631844,
Bachelor's degree,Producers and Directors,0.8,5.1,13.2,5.2,59.2,13.9,2.5,5.9,18.4,16.4,117520,71620,10667290400,Less than 5 years,2.2,114530,5,18399270,0.00638721,20.48631844,
Bachelor's degree,Industrial Production Managers,4.7,21.6,21.2,8.5,31,11.9,1.1,26.3,29.7,13,171520,100580,18966681600,5 years or more,3,168410,5,18399270,0.009322109,20.48631844,
Bachelor's degree,Natural Sciences Managers,0.9,1.2,3.4,3,33.2,34.7,23.7,2.1,6.4,58.4,56210,118970,7513590700,5 years or more,1.8,53500,5,18399270,0.003055013,20.48631844,
Bachelor's degree,Zoologists and Wildlife Biologists,0,0,0,0,47.5,31.4,21,0,0,52.4,17710,62290,1173287500,None,30,17220,5,18399270,9.63E-04,20.48631844,
Bachelor's degree,Sales Engineers,0,4.8,14.8,9.1,57.2,13,1.1,4.8,23.9,14.1,70820,98720,7574199000,None,0.41,73930,5,18399270,0.003849066,20.48631844,
Bachelor's degree,Loan Officers,1.1,14.3,24.4,9.7,40.1,9,1.3,15.4,34.1,10.3,307240,64660,23940140800,None,98,296800,5,18399270,0.016698489,20.48631844,
Bachelor's degree,Graphic Designers,2.3,9.5,16.7,12.5,48.2,9.3,1.5,11.8,29.2,10.8,217170,48700,11570817600,None,8.2,210690,5,18399270,0.011803186,20.48631844,
Bachelor's degree,Materials Engineers,0.6,5.9,12,8.5,45,20.9,7.1,6.5,20.5,28,27200,94610,2682192000,None,2.1,24370,5,18399270,0.00147832,20.48631844,
Bachelor's degree,Social Science Research Assistants,3.2,15,21,13.5,32.3,11.5,3.5,18.2,34.5,15,31500,46000,1544445000,None,65,29760,5,18399270,0.001712024,20.48631844,
Bachelor's degree,Health Educators,2.9,12.7,20.9,7.9,33.3,19.6,2.7,15.6,28.8,22.3,58040,53940,3424940400,None,4.5,57550,5,18399270,0.003154473,20.48631844,
Bachelor's degree,Medical and Health Services Managers,1.3,8,15.9,11.9,30.6,24.3,8.1,9.3,27.8,32.4,346980,98350,38750726400,Less than 5 years,0.73,332140,5,18399270,0.018858357,20.48631844,
Doctoral or professional degree,Prosthodontists,0,0,0,0,0,2.4,97.6,0,0,100,430,185150,84692800,None,5.5,0,7,1386850,3.10E-04,3.464965786,
Doctoral or professional degree,Podiatrists,0,0,0,0,0,1.7,98.3,0,0,100,9670,127740,1435704900,None,0.46,9320,7,1386850,0.006972636,3.464965786,
Doctoral or professional degree,Optometrists,0,0,0,0,0,1.9,98.1,0,0,100,37240,110300,4435284000,None,14,36420,7,1386850,0.026852219,3.464965786,
Doctoral or professional degree,Pharmacists,0,0,1.2,1.2,33.8,6.4,57.4,0,2.4,63.8,309330,124170,37648554300,None,1.2,305520,7,1386850,0.22304503,3.464965786,
Doctoral or professional degree,Astronomers,0,0,0,0,18.1,27.7,54.1,0,0,81.8,2020,100590,221311200,None,4.1,770,7,1386850,0.001456538,3.464965786,
Doctoral or professional degree,Judicial Law Clerks,0.1,0.5,5.1,3,13.7,2.2,75.4,0.6,8.1,77.6,15260,51330,883859200,None,41,9470,7,1386850,0.011003353,3.464965786,
Doctoral or professional degree,Audiologists,0,0.9,3.1,2.3,7.9,22.5,63.5,0.9,5.4,86,12020,75920,962080800,None,0.33,11830,7,1386850,0.008667123,3.464965786,
Doctoral or professional degree,Biochemists and Biophysicists,0,0,0,0,47.5,31.4,21,0,0,52.4,27380,91190,2886125800,None,2.7,22840,7,1386850,0.019742582,3.464965786,
Doctoral or professional degree,Veterinarians,0,0,0,0,0,2.5,97.5,0,0,100,69370,90420,7043136100,None,3.8,67650,7,1386850,0.050019829,3.464965786,
Doctoral or professional degree,Lawyers,0.2,0.4,0.6,0.5,5,4.4,88.9,0.6,1.1,93.3,628370,119250,89159419300,None,3.5,619560,7,1386850,0.453091538,3.464965786,
Doctoral or professional degree,Chiropractors,0.4,0.4,0.2,0.7,5,2.5,90.7,0.8,0.9,93.2,33630,68640,2803060500,None,2.7,32950,7,1386850,0.024249198,3.464965786,
Doctoral or professional degree,Physical Therapists,0.4,0.8,1.2,4.1,31.1,24.9,37.5,1.2,5.3,62.4,225420,86850,19854993600,None,2.1,216950,7,1386850,0.16254101,3.464965786,
Doctoral or professional degree,Physicists,0,0,0,0,18.1,27.7,54.1,0,0,81.8,16710,118830,2056666800,None,10,16350,7,1386850,0.012048888,3.464965786,
High school diploma or equivalent,Elevator Installers and Repairers,3.8,48.2,31.4,10.9,4.8,0.6,0.3,52,42.3,0.9,24490,79480,1888913700,None,39,21020,2,33129910,7.39E-04,59.87553916,
High school diploma or equivalent,Cooling and Freezing Equipment Operators and Tenders,19.4,46.4,20.7,6.6,5.7,0.9,0.2,65.8,27.3,1.1,8630,30860,289881700,None,93,7610,2,33129910,2.60E-04,59.87553916,
High school diploma or equivalent,Cargo and Freight Agents,5.3,25.2,37.3,11,17.8,3.2,0.2,30.5,48.3,3.4,89920,41820,4044601600,None,99,88910,2,33129910,0.002714164,59.87553916,
High school diploma or equivalent,Automotive Body and Related Repairers,22.6,49.5,17.6,7.5,2.7,0.1,0.1,72.1,25.1,0.2,144320,41970,6585321600,None,91,143860,2,33129910,0.004356184,59.87553916,
High school diploma or equivalent,Baggage Porters and Bellhops,10.6,30.9,27.5,11.6,16.7,1.9,0.9,41.5,39.1,2.8,42620,23230,1112382000,None,83,44410,2,33129910,0.001286451,59.87553916,
High school diploma or equivalent,Sheet Metal Workers,14,48.8,24.6,8,4,0.4,0.1,62.8,32.6,0.5,132920,47990,6925132000,None,82,134440,2,33129910,0.004012085,59.87553916,
High school diploma or equivalent,Airfield Operations Specialists,0.6,9.5,32.6,14.7,34.5,6.9,1.1,10.1,47.3,8,9590,52360,537615400,None,71,7160,2,33129910,2.89E-04,59.87553916,
High school diploma or equivalent,First-Line Supervisors of Construction Trades and Extraction Workers,14.8,41.5,24.7,7.7,9.5,1.6,0.3,56.3,32.4,1.9,556300,64070,38495960000,5 years or more,17,538220,2,33129910,0.016791473,59.87553916,
High school diploma or equivalent,Animal Trainers,6.2,24.4,30.7,8.8,24.7,4.1,1.1,30.6,39.5,5.2,14340,28880,498458400,None,10,13240,2,33129910,4.33E-04,59.87553916,
High school diploma or equivalent,Machinists,10.8,44.1,28.6,11.8,4.4,0.3,0.1,54.9,40.4,0.4,378320,42600,16706611200,None,65,391110,2,33129910,0.011419288,59.87553916,
High school diploma or equivalent,Public Address System and Other Announcers,3.9,18.9,25.7,8.7,36.1,5.3,1.5,22.8,34.4,6.8,7920,28440,330580800,None,72,7110,2,33129910,2.39E-04,59.87553916,
High school diploma or equivalent,Lodging Managers,3,16.9,26.3,10.6,33.6,8,1.5,19.9,36.9,9.5,36610,51800,2182688200,Less than 5 years,0.39,35390,2,33129910,0.001105044,59.87553916,
High school diploma or equivalent,Adhesive Bonding Machine Operators and Tenders,21.6,49.2,21.5,2.2,4.9,0.5,0,70.8,23.7,0.5,15860,32710,549231800,None,95,16190,2,33129910,4.79E-04,59.87553916,
High school diploma or equivalent,Chefs and Head Cooks,15.9,29.7,23.4,16.8,12.3,1.5,0.4,45.6,40.2,1.9,131430,45950,6525499500,5 years or more,10,134150,2,33129910,0.00396711,59.87553916,
High school diploma or equivalent,Construction and Building Inspectors,1.6,24.4,31.3,14.6,21.6,5.8,0.9,26,45.9,6.7,98810,59090,6128196200,5 years or more,63,94980,2,33129910,0.002982501,59.87553916,
High school diploma or equivalent,Insurance Claims and Policy Processing Clerks,1.7,23.8,33.7,12,24.3,3.8,0.7,25.5,45.7,4.5,277130,38790,11387271700,None,98,274350,2,33129910,0.008364949,59.87553916,
High school diploma or equivalent,Fallers,31.6,48,11.9,3.7,3.3,1.5,0,79.6,15.6,1.5,5420,40690,254360600,None,76,3810,2,33129910,1.64E-04,59.87553916,
High school diploma or equivalent,Foundry Mold and Coremakers,16.8,48.1,21.8,7.4,5.6,0.3,0,64.9,29.2,0.3,13960,35140,508702400,None,67,12070,2,33129910,4.21E-04,59.87553916,
High school diploma or equivalent,Advertising Sales Agents,1.6,10.3,19.3,8.1,50.8,8.7,1.2,11.9,27.4,9.9,136520,49680,8330450400,None,54,141120,2,33129910,0.004120748,59.87553916,
High school diploma or equivalent,Recreation Workers,2.4,14.8,24,10.1,37.5,9.9,1.4,17.2,34.1,11.3,352350,24540,9848182500,None,0.61,336910,2,33129910,0.010635405,59.87553916,
High school diploma or equivalent,Automotive Glass Installers and Repairers,14.2,55.4,24.5,3.3,1.2,1.5,0,69.6,27.8,1.5,20190,34170,723407700,None,55,15160,2,33129910,6.09E-04,59.87553916,
High school diploma or equivalent,Merchandise Displayers and Window Trimmers,2.3,9.5,16.7,12.5,48.2,9.3,1.5,11.8,29.2,10.8,120870,27680,3739717800,None,48,112090,2,33129910,0.003648365,59.87553916,
High school diploma or equivalent,Choreographers,8.7,25.4,23.4,7.7,28.1,5.5,1.2,34.1,31.1,6.7,5310,48420,281270700,5 years or more,0.4,4110,2,33129910,1.60E-04,59.87553916,
High school diploma or equivalent,Costume Attendants,8.9,28.8,28.2,8.4,20,5,0.8,37.7,36.6,5.8,6430,42620,306711000,None,61,5520,2,33129910,1.94E-04,59.87553916,
High school diploma or equivalent,First-Line Supervisors of Non-Retail Sales Workers,4.6,21.4,22.4,8.2,31.7,10,1.7,26,30.6,11.7,251830,71650,20995067100,Less than 5 years,7.5,252640,2,33129910,0.007601288,59.87553916,
High school diploma or equivalent,Brokerage Clerks,2.3,17.8,28.1,7,35.3,7.5,2.1,20.1,35.1,9.6,58930,49800,3114450500,None,98,59540,2,33129910,0.001778755,59.87553916,
High school diploma or equivalent,Dental Laboratory Technicians,6.2,29.5,31.7,17.7,12.3,1.5,1,35.7,49.4,2.5,35630,38670,1496103700,None,97,36860,2,33129910,0.001075463,59.87553916,
High school diploma or equivalent,Reservation and Transportation Ticket Agents and Travel Clerks,2.1,24.5,33.4,11.1,25.1,3.2,0.6,26.6,44.5,3.8,148220,36280,5906567000,None,61,135780,2,33129910,0.004473903,59.87553916,
High school diploma or equivalent,Billing and Posting Clerks,2.7,29.1,33.7,15.1,15.7,3,0.5,31.8,48.8,3.5,476010,36860,18307344600,None,96,485200,2,33129910,0.014367983,59.87553916,
High school diploma or equivalent,Commercial Pilots,0.3,4.9,12.9,8,59.5,12.5,1.9,5.2,20.9,14.4,38490,78740,3439081500,None,55,38100,2,33129910,0.00116179,59.87553916,
High school diploma or equivalent,Locomotive Engineers,3.2,36.7,37.2,11,11.1,0.8,0,39.9,48.2,0.8,35680,60990,2354166400,Less than 5 years,96,28240,2,33129910,0.001076972,59.87553916,
High school diploma or equivalent,Camera and Photographic Equipment Repairers,3.9,23.3,28.7,20.7,18.6,3.9,0.9,27.2,49.4,4.8,3650,40770,155161500,None,97,2120,2,33129910,1.10E-04,59.87553916,
High school diploma or equivalent,Riggers,11.7,53.7,18.7,10.6,4.9,0.4,0,65.4,29.3,0.4,21000,48580,1055670000,None,89,20500,2,33129910,6.34E-04,59.87553916,
High school diploma or equivalent,Postmasters and Mail Superintendents,2.8,13.8,18.6,7.5,36,17.7,3.6,16.6,26.1,21.3,13960,74840,1056213600,Less than 5 years,75,14760,2,33129910,4.21E-04,59.87553916,
High school diploma or equivalent,Food Cooking Machine Operators and Tenders,27.9,40.4,18.5,6.6,6.6,0,0,68.3,25.1,0,33340,28420,1008201600,None,61,31930,2,33129910,0.001006341,59.87553916,
High school diploma or equivalent,Correspondence Clerks,9.7,32.6,27,10.1,17.6,2.5,0.6,42.3,37.1,3.1,6370,36620,242697000,None,86,6530,2,33129910,1.92E-04,59.87553916,
High school diploma or equivalent,Gaming Dealers,7.9,35.6,30.6,9.3,14.1,2.2,0.4,43.5,39.9,2.6,94260,19820,2159496600,None,96,83170,2,33129910,0.002845163,59.87553916,
High school diploma or equivalent,Mechanical Door Repairers,6.1,45,33.3,10.5,4.5,0.5,0,51.1,43.8,0.5,21010,39510,871074600,None,91,17680,2,33129910,6.34E-04,59.87553916,
High school diploma or equivalent,Security Guards,6.1,35.3,32.1,10.3,13.2,2.7,0.4,41.4,42.4,3.1,1105440,26900,33970171200,None,84,1103150,2,33129910,0.033366828,59.87553916,
High school diploma or equivalent,Concierges,10.6,30.9,27.5,11.6,16.7,1.9,0.9,41.5,39.1,2.8,35750,30150,1169025000,None,21,31650,2,33129910,0.001079085,59.87553916,
High school diploma or equivalent,Semiconductor Processors,19.4,46.4,20.7,6.6,5.7,0.9,0.2,65.8,27.3,1.1,23540,36580,914764400,None,88,14990,2,33129910,7.11E-04,59.87553916,
High school diploma or equivalent,Manufactured Building and Mobile Home Installers,13,39.9,26.6,10.3,8.2,1.7,0.2,52.9,36.9,1.9,2750,30960,87477500,None,18,1870,2,33129910,8.30E-05,59.87553916,
High school diploma or equivalent,Animal Breeders,55.6,25.7,9.4,3.3,5.1,0.8,0.2,81.3,12.7,1,1800,37560,78210000,None,95,530,2,33129910,5.43E-05,59.87553916,
High school diploma or equivalent,Cabinetmakers and Bench Carpenters,19.3,46.5,18,7.3,7.3,1.5,0,65.8,25.3,1.5,97820,33920,3496086800,None,92,97980,2,33129910,0.002952619,59.87553916,
High school diploma or equivalent,Fabric and Apparel Patternmakers,28.8,35,18.2,5.8,11.4,0.8,0,63.8,24,0.8,4810,40460,239008900,None,0.49,4030,2,33129910,1.45E-04,59.87553916,
High school diploma or equivalent,Packaging and Filling Machine Operators and Tenders,34.4,40.6,16.1,4.2,4.1,0.4,0.2,75,20.3,0.6,392910,29350,12569190900,None,98,386510,2,33129910,0.011859676,59.87553916,
High school diploma or equivalent,Funeral Attendants,3.5,31.5,22.8,17.1,20.1,4.5,0.6,35,39.9,5.1,34970,25050,948386400,None,37,35560,2,33129910,0.001055542,59.87553916,
High school diploma or equivalent,Farm Equipment Mechanics and Service Technicians,13.1,44.7,25.4,12,3.7,0.6,0.3,57.8,37.4,0.9,34410,39340,1406680800,None,75,34980,2,33129910,0.001038638,59.87553916,
High school diploma or equivalent,Shoe Machine Operators and Tenders,24.3,43.8,18.2,3,6,3.7,1.1,68.1,21.2,4.8,3500,27420,96355000,None,97,430,2,33129910,1.06E-04,59.87553916,
High school diploma or equivalent,Bridge and Lock Tenders,5.3,38.8,34.4,9.9,8,3.3,0.4,44.1,44.3,3.7,3240,50240,153187200,None,97,2930,2,33129910,9.78E-05,59.87553916,
High school diploma or equivalent,Transit and Railroad Police,0.8,11.7,32.1,16.4,32.5,5.6,0.9,12.5,48.5,6.5,5520,70280,393465600,None,57,3890,2,33129910,1.67E-04,59.87553916,
High school diploma or equivalent,Fiberglass Laminators and Fabricators,17.5,46.8,22.5,6.5,5.7,0.8,0.2,64.3,29,1,20040,32290,700598400,None,93,18310,2,33129910,6.05E-04,59.87553916,
High school diploma or equivalent,Self-Enrichment Education Teachers,1.8,10.2,18.4,8.5,35.9,20.5,4.7,12,26.9,25.2,238710,38440,10653627300,Less than 5 years,13,224490,2,33129910,0.007205272,59.87553916,
High school diploma or equivalent,Millwrights,9.7,44.3,31.2,11.4,3,0.5,0,54,42.6,0.5,41360,53980,2286794400,None,59,38900,2,33129910,0.001248419,59.87553916,
High school diploma or equivalent,Loan Interviewers and Clerks,1.6,23.4,37.2,11,23.9,2.6,0.4,25,48.2,3,227430,39060,9235932300,None,92,224360,2,33129910,0.006864794,59.87553916,
High school diploma or equivalent,Executive Secretaries and Executive Administrative Assistants,2.3,27.4,32.3,14.7,19.3,3.5,0.6,29.7,47,4.1,596080,57410,35407152000,Less than 5 years,86,631580,2,33129910,0.017992201,59.87553916,
High school diploma or equivalent,Bill and Account Collectors,4.2,29.9,33.5,13.4,16,2.6,0.5,34.1,46.9,3.1,271700,35330,10229505000,None,95,298960,2,33129910,0.008201049,59.87553916,
High school diploma or equivalent,Pharmacy Aides,4.7,26.8,34.5,11.3,17,2,3.9,31.5,45.8,5.9,35960,26120,1043918800,None,72,35840,2,33129910,0.001085424,59.87553916,
High school diploma or equivalent,Motorboat Mechanics and Service Technicians,18.1,40.7,25.2,10.5,4.2,1.1,0.2,58.8,35.7,1.3,21160,38960,874966000,None,66,20120,2,33129910,6.39E-04,59.87553916,
High school diploma or equivalent,Stationary Engineers and Boiler Operators,6.5,39,30.7,10.9,10.1,2.1,0.7,45.5,41.6,2.8,32790,59890,2056260900,None,89,33710,2,33129910,9.90E-04,59.87553916,
High school diploma or equivalent,Dredge Operators,20,51,20.4,4.2,4,0.4,0,71,24.6,0.4,1410,43230,65339400,None,92,1050,2,33129910,4.26E-05,59.87553916,
High school diploma or equivalent,Logging Equipment Operators,31.6,48,11.9,3.7,3.3,1.5,0,79.6,15.6,1.5,26010,38390,1035718200,None,79,26720,2,33129910,7.85E-04,59.87553916,
High school diploma or equivalent,Signal and Track Switch Repairers,13,39.9,26.6,10.3,8.2,1.7,0.2,52.9,36.9,1.9,8300,68400,545725000,None,90,5910,2,33129910,2.51E-04,59.87553916,
High school diploma or equivalent,Brickmasons and Blockmasons,35.6,43.4,14.6,3.1,2.5,0.6,0.3,79,17.7,0.9,64790,49770,3459138100,None,82,64170,2,33129910,0.001955635,59.87553916,
High school diploma or equivalent,Computer Operators,2.6,22.6,29.6,12.7,25.3,6.4,0.9,25.2,42.3,7.3,40400,44270,1830928000,None,78,46600,2,33129910,0.001219442,59.87553916,
High school diploma or equivalent,Radio Operators,1.3,17.9,29.4,16.7,30.4,3.7,0.5,19.2,46.1,4.2,770,44330,34257300,None,98,310,2,33129910,2.32E-05,59.87553916,
High school diploma or equivalent,First-Line Supervisors of Personal Service Workers,4.1,27.4,28.8,12.7,21.7,4.1,1.1,31.5,41.5,5.2,213620,37450,8662291000,Less than 5 years,7.6,190450,2,33129910,0.00644795,59.87553916,
High school diploma or equivalent,First-Line Supervisors of Police and Detectives,0.5,10.9,29.4,17.3,29.6,11.3,1,11.4,46.7,12.3,104860,87910,9604127400,Less than 5 years,0.44,95540,2,33129910,0.003165116,59.87553916,
High school diploma or equivalent,First-Line Supervisors of Production and Operating Workers,10.2,37.9,26.1,8.7,13.3,3.1,0.7,48.1,34.8,3.8,611800,58870,38335388000,Less than 5 years,1.6,610500,2,33129910,0.018466697,59.87553916,
High school diploma or equivalent,Bus and Truck Mechanics and Diesel Engine Specialists,13.1,46,24.2,12.9,2.9,0.6,0.2,59.1,37.1,0.8,260380,46360,12498240000,None,73,254270,2,33129910,0.007859363,59.87553916,
High school diploma or equivalent,Animal Control Workers,1.9,28.7,43.3,10,13.4,2.5,0.2,30.6,53.3,2.7,12700,35520,477266000,None,21,12860,2,33129910,3.83E-04,59.87553916,
High school diploma or equivalent,Postal Service Mail Carriers,2.9,34.4,35.9,12.2,12.7,1.5,0.4,37.3,48.1,1.9,336900,57000,16851738000,None,68,329030,2,33129910,0.010169059,59.87553916,
High school diploma or equivalent,Flight Attendants,1,13.8,32.2,12.5,35.1,4.1,1.3,14.8,44.7,5.4,119000,50500,6266540000,Less than 5 years,35,82330,2,33129910,0.00359192,59.87553916,
High school diploma or equivalent,Tax Preparers,1.3,11.6,21,10,35.2,15.4,5.5,12.9,31,20.9,68720,38730,3236024800,None,99,63600,2,33129910,0.002074259,59.87553916,
High school diploma or equivalent,Floral Designers,2.3,9.5,16.7,12.5,48.2,9.3,1.5,11.8,29.2,10.8,43470,26350,1226723400,None,4.7,44030,2,33129910,0.001312107,59.87553916,
High school diploma or equivalent,Carpenters,25.9,42.6,19.6,5.3,5.6,0.8,0.2,68.5,24.9,1,693050,45170,34396071500,None,72,676950,2,33129910,0.020919163,59.87553916,
High school diploma or equivalent,Engine and Other Machine Assemblers,12.8,48.1,23.4,6.9,8.9,0,0,60.9,30.3,0,37770,43390,1681520400,None,82,32460,2,33129910,0.001140057,59.87553916,
High school diploma or equivalent,Print Binding and Finishing Workers,12,48.1,22.3,9.9,6.7,0.8,0.2,60.1,32.2,1,48680,32040,1657067200,None,95,52590,2,33129910,0.001469367,59.87553916,
High school diploma or equivalent,Operating Engineers and Other Construction Equipment Operators,20.3,50.9,20.8,4.9,2.8,0.2,0.1,71.2,25.7,0.3,365300,47040,18955417000,None,95,356750,2,33129910,0.01102629,59.87553916,
High school diploma or equivalent,Food Service Managers,8.9,28.3,27.4,9.7,21.4,3.7,0.6,37.2,37.1,4.3,208110,52030,11914297500,Less than 5 years,8.3,187960,2,33129910,0.006281635,59.87553916,
High school diploma or equivalent,Ophthalmic Laboratory Technicians,6.2,29.5,31.7,17.7,12.3,1.5,1,35.7,49.4,2.5,30100,30960,1024303000,None,97,27860,2,33129910,9.09E-04,59.87553916,
High school diploma or equivalent,Textile Bleaching and Dyeing Machine Operators and Tenders,27.5,50.5,11.9,1.9,7.5,0.7,0,78,13.8,0.7,9800,28280,285670000,None,97,9950,2,33129910,2.96E-04,59.87553916,
High school diploma or equivalent,Chemical Equipment Operators and Tenders,6.7,31.9,27.2,7.8,21.3,4.3,0.8,38.6,35,5.1,77870,47800,3947230300,None,76,73840,2,33129910,0.002350444,59.87553916,
High school diploma or equivalent,Forest Fire Inspectors and Prevention Specialists,1.5,22.7,30.7,20.9,20,3.7,0.5,24.2,51.6,4.2,1960,37380,90140400,Less than 5 years,4.8,1070,2,33129910,5.92E-05,59.87553916,
High school diploma or equivalent,Chemical Plant and System Operators,6.1,40.3,30.4,13.3,9,0.9,0.1,46.4,43.7,1,30290,62170,1866469800,None,85,30760,2,33129910,9.14E-04,59.87553916,
High school diploma or equivalent,Psychiatric Aides,13.1,35.7,31.6,10.1,7.4,1.4,0.8,48.8,41.7,2.2,65770,27110,1929034100,None,47,65190,2,33129910,0.001985215,59.87553916,
High school diploma or equivalent,Tire Repairers and Changers,24.9,43,20.3,5.4,5.4,0.8,0.1,67.9,25.7,0.9,114690,26710,3269811900,None,70,108730,2,33129910,0.003461826,59.87553916,
High school diploma or equivalent,Furniture Finishers,23.1,36,16.7,9.7,11.9,2.7,0,59.1,26.4,2.7,17530,31300,581470100,None,87,17190,2,33129910,5.29E-04,59.87553916,
High school diploma or equivalent,Childcare Workers,12.8,31.5,26.2,10.7,15.5,2.9,0.4,44.3,36.9,3.3,562420,22290,13363099200,None,8.4,569380,2,33129910,0.016976201,59.87553916,
High school diploma or equivalent,Gaming Cage Workers,4,45.6,34.9,2.8,12.7,0,0,49.6,37.7,0,17030,26320,480416300,None,39,17430,2,33129910,5.14E-04,59.87553916,
High school diploma or equivalent,Parking Enforcement Workers,2.2,21.3,26.3,15,29.8,5.4,0,23.5,41.3,5.4,8660,39030,353674400,None,84,8140,2,33129910,2.61E-04,59.87553916,
High school diploma or equivalent,Payroll and Timekeeping Clerks,1.9,27.1,34.8,13.9,18.9,3.2,0.3,29,48.7,3.5,152990,43890,6876900500,None,97,159640,2,33129910,0.004617882,59.87553916,
High school diploma or equivalent,Gaming Managers,4.7,24,33.5,11.6,19,6.6,0.7,28.7,45.1,7.3,4420,72930,368893200,Less than 5 years,9.1,3860,2,33129910,1.33E-04,59.87553916,
High school diploma or equivalent,Gaming Surveillance Officers and Gaming Investigators,6.1,35.3,32.1,10.3,13.2,2.7,0.4,41.4,42.4,3.1,10290,33260,372086400,Less than 5 years,95,10150,2,33129910,3.11E-04,59.87553916,
High school diploma or equivalent,Gas Compressor and Gas Pumping Station Operators,11.5,46.3,26.9,7.8,7.1,0.3,0,57.8,34.7,0.3,3560,62810,220577600,None,91,2710,2,33129910,1.07E-04,59.87553916,
High school diploma or equivalent,Rail-Track Laying and Maintenance Equipment Operators,10.6,53.6,27.1,5,3.7,0,0,64.2,32.1,0,15070,56060,849345200,None,89,12920,2,33129910,4.55E-04,59.87553916,
High school diploma or equivalent,Locksmiths and Safe Repairers,9.2,46.6,29.1,8.4,4.9,1.2,0.5,55.8,37.5,1.7,17500,40680,747775000,None,77,18430,2,33129910,5.28E-04,59.87553916,
High school diploma or equivalent,Real Estate Brokers,1.4,12.3,26.4,10.2,38.1,9.7,2.1,13.7,36.6,11.8,40530,56730,3076632300,Less than 5 years,97,40630,2,33129910,0.001223366,59.87553916,
High school diploma or equivalent,Pharmacy Technicians,1.8,20.1,34.7,21.6,18.2,2.5,1.1,21.9,56.3,3.6,417720,31750,13809823200,None,92,398410,2,33129910,0.012608546,59.87553916,
High school diploma or equivalent,Glaziers,21,47.9,22.1,4.6,3.2,1.1,0.1,68.9,26.7,1.2,47330,42580,2247228400,None,73,46790,2,33129910,0.001428618,59.87553916,
High school diploma or equivalent,Hazardous Materials Removal Workers,18.5,36.9,20.5,9.7,11.2,2.9,0.3,55.4,30.2,3.2,43260,41400,2004235800,None,53,44100,2,33129910,0.001305769,59.87553916,
High school diploma or equivalent,Physical Therapist Aides,1.5,6.1,13.4,51.8,23.5,2.4,1.4,7.6,65.2,3.8,49290,25730,1375683900,None,61,50010,2,33129910,0.001487779,59.87553916,
High school diploma or equivalent,Boilermakers,15.5,46.7,23.1,12.7,2,0,0,62.2,35.8,0,15020,62260,946410200,None,68,15100,2,33129910,4.53E-04,59.87553916,
High school diploma or equivalent,Word Processors and Typists,2.8,28,32.1,14.3,18.2,3.8,0.7,30.8,46.4,4.5,65200,39740,2677764000,None,81,66320,2,33129910,0.00196801,59.87553916,
High school diploma or equivalent,First-Line Supervisors of Housekeeping and Janitorial Workers,15.4,38.2,24.2,7.7,12.2,1.9,0.4,53.6,31.9,2.3,155090,39230,6572714200,Less than 5 years,94,161120,2,33129910,0.004681268,59.87553916,
High school diploma or equivalent,Aircraft Cargo Handling Supervisors,8.1,34.8,28.2,9.9,16.1,2.6,0.4,42.9,38.1,3,8270,48150,438061900,Less than 5 years,6.6,6710,2,33129910,2.50E-04,59.87553916,
High school diploma or equivalent,Pile-Driver Operators,20.3,50.9,20.8,4.9,2.8,0.2,0.1,71.2,25.7,0.3,3710,57650,236586700,None,82,2970,2,33129910,1.12E-04,59.87553916,
High school diploma or equivalent,Subway and Streetcar Operators,6,38,34.5,10.7,7.9,2.2,0.7,44,45.2,2.9,12070,66420,771876500,None,86,9400,2,33129910,3.64E-04,59.87553916,
High school diploma or equivalent,Home Appliance Repairers,11.9,38.4,31.3,11.8,5.3,1,0.2,50.3,43.1,1.2,32250,38160,1315477500,None,72,32330,2,33129910,9.73E-04,59.87553916,
High school diploma or equivalent,Home Health Aides,13.1,35.7,31.6,10.1,7.4,1.4,0.8,48.8,41.7,2.2,820960,23210,19932908800,None,39,814290,2,33129910,0.024780025,59.87553916,
High school diploma or equivalent,Electrical Power-Line Installers and Repairers,5.7,39.4,32.2,15.7,6,0.9,0.1,45.1,47.9,1,116650,69380,8015021500,None,9.7,116910,2,33129910,0.003520988,59.87553916,
High school diploma or equivalent,Fitness Trainers and Aerobics Instructors,2.4,14.8,24,10.1,37.5,9.9,1.4,17.2,34.1,11.3,280080,39210,12245097600,None,8.5,257370,2,33129910,0.008453992,59.87553916,
High school diploma or equivalent,Nuclear Power Reactor Operators,1.1,28.2,32.6,18.2,17.3,2.4,0.3,29.3,50.8,2.7,6010,93370,567043500,None,95,3100,2,33129910,1.81E-04,59.87553916,
High school diploma or equivalent,Tire Builders,4.8,53.1,32.1,5.5,3.2,0.5,0.9,57.9,37.6,1.4,21910,40230,919781800,None,94,14700,2,33129910,6.61E-04,59.87553916,
High school diploma or equivalent,Industrial Machinery Mechanics,10.4,41.8,28,13.4,5.6,0.7,0.1,52.2,41.4,0.8,341260,51360,18124318600,None,67,334480,2,33129910,0.010300662,59.87553916,
High school diploma or equivalent,Correctional Officers and Jailers,1.5,30.1,36.1,14.6,15.3,2,0.3,31.6,50.7,2.3,428870,43540,20414212000,None,60,414520,2,33129910,0.0129451,59.87553916,
High school diploma or equivalent,Occupational Therapy Aides,0,0.7,6.1,75.7,15.4,1.3,0.8,0.7,81.8,2.1,7740,29200,261457200,None,27,6830,2,33129910,2.34E-04,59.87553916,
High school diploma or equivalent,Telecommunications Line Installers and Repairers,6.8,36.9,33.2,13.6,8.2,1.1,0.2,43.7,46.8,1.3,107090,55060,6033450600,None,49,95230,2,33129910,0.003232427,59.87553916,
High school diploma or equivalent,Printing Press Operators,11.3,46.8,25.2,7.4,8.5,0.7,0.2,58.1,32.6,0.9,171130,35760,6478981800,None,83,169930,2,33129910,0.005165423,59.87553916,
High school diploma or equivalent,Private Detectives and Investigators,0.6,7.6,20.9,8.8,45.9,13.4,2.7,8.2,29.7,16.1,30980,50700,1706378400,Less than 5 years,31,25750,2,33129910,9.35E-04,59.87553916,
High school diploma or equivalent,Couriers and Messengers,8.4,36.1,30.7,8.8,13.8,1.9,0.3,44.5,39.5,2.2,76710,28250,2301300000,None,94,73810,2,33129910,0.00231543,59.87553916,
High school diploma or equivalent,Procurement Clerks,2,21.1,25.9,8.9,29.3,12.1,0.6,23.1,34.8,12.7,70510,41910,2983983200,None,98,72100,2,33129910,0.002128288,59.87553916,
High school diploma or equivalent,Forest and Conservation Workers,19.1,20.9,23,12.1,20,4.4,0.5,40,35.1,4.9,7080,27650,221745600,None,87,5870,2,33129910,2.14E-04,59.87553916,
High school diploma or equivalent,Excavating and Loading Machine and Dragline Operators,20,51,20.4,4.2,4,0.4,0,71,24.6,0.4,45450,42500,2126151000,Less than 5 years,94,48320,2,33129910,0.001371872,59.87553916,
High school diploma or equivalent,Jewelers and Precious Stone and Metal Workers,15.7,27,23.1,8.7,20.5,3.9,1.1,42.7,31.8,5,25710,37960,1084447800,None,95,25820,2,33129910,7.76E-04,59.87553916,
High school diploma or equivalent,Medical Equipment Preparers,8.6,36.9,28,12,11.4,2.2,0.9,45.5,40,3.1,53920,35370,1998275200,None,78,52520,2,33129910,0.001627532,59.87553916,
High school diploma or equivalent,Locomotive Firers,3.2,36.7,37.2,11,11.1,0.8,0,39.9,48.2,0.8,670,60360,41687400,None,93,490,2,33129910,2.02E-05,59.87553916,
High school diploma or equivalent,Photographers,2.2,12,24.1,10.5,42.1,8,1.1,14.2,34.6,9.1,49320,32490,2068480800,None,2.1,48660,2,33129910,0.001488685,59.87553916,
High school diploma or equivalent,Customer Service Representatives,4,26.4,31.5,11.7,21.8,4,0.6,30.4,43.2,4.6,2767790,32890,98671713500,None,55,2707030,2,33129910,0.083543541,59.87553916,
High school diploma or equivalent,Data Entry Keyers,2.7,26.2,32.9,13.6,20.3,3.9,0.4,28.9,46.5,4.3,180100,30930,5858653000,None,99,193890,2,33129910,0.005436175,59.87553916,
High school diploma or equivalent,Driver/Sales Workers,16.3,47.6,23.5,6.1,5.4,0.9,0.3,63.9,29.6,1.2,426870,24040,12417648300,None,98,426300,2,33129910,0.012884732,59.87553916,
High school diploma or equivalent,Legal Secretaries,2.3,27.4,32.3,14.7,19.3,3.5,0.6,29.7,47,4.1,185870,44730,9033282000,None,98,191200,2,33129910,0.005610338,59.87553916,
High school diploma or equivalent,Metal-Refining Furnace Operators and Tenders,14.1,56.1,20.5,6.1,2.8,0.2,0.1,70.2,26.6,0.3,17610,41300,735569700,None,88,16300,2,33129910,5.32E-04,59.87553916,
High school diploma or equivalent,Bailiffs,1.5,30.1,36.1,14.6,15.3,2,0.3,31.6,50.7,2.3,18480,42960,853591200,None,36,16510,2,33129910,5.58E-04,59.87553916,
High school diploma or equivalent,Light Truck or Delivery Services Drivers,16.3,47.6,23.5,6.1,5.4,0.9,0.3,63.9,29.6,1.2,877670,31450,31253828700,None,69,858730,2,33129910,0.026491771,59.87553916,
High school diploma or equivalent,Mine Cutting and Channeling Machine Operators,14.8,51.9,24.1,4.4,4.1,0.7,0,66.7,28.5,0.7,5400,52270,282744000,None,59,4110,2,33129910,1.63E-04,59.87553916,
High school diploma or equivalent,Detectives and Criminal Investigators,0.8,7.1,25.3,11.5,40.9,12.3,2.2,7.9,36.8,14.5,105350,79970,8777762000,Less than 5 years,34,105000,2,33129910,0.003179906,59.87553916,
High school diploma or equivalent,Bicycle Repairers,24.9,43,20.3,5.4,5.4,0.8,0.1,67.9,25.7,0.9,12720,28390,373586400,None,94,10370,2,33129910,3.84E-04,59.87553916,
High school diploma or equivalent,Real Estate Sales Agents,1.4,12.3,26.4,10.2,38.1,9.7,2.1,13.7,36.6,11.8,147960,45990,8822854800,None,86,151710,2,33129910,0.004466055,59.87553916,
High school diploma or equivalent,Postal Service Clerks,3.4,31,38.3,11.5,13.7,1.8,0.1,34.4,49.8,1.9,82890,58550,4122119700,None,95,82010,2,33129910,0.002501969,59.87553916,
High school diploma or equivalent,Medical Appliance Technicians,6.2,29.5,31.7,17.7,12.3,1.5,1,35.7,49.4,2.5,13640,37190,551874400,None,45,14240,2,33129910,4.12E-04,59.87553916,
High school diploma or equivalent,log Graders and Scalers,31.6,48,11.9,3.7,3.3,1.5,0,79.6,15.6,1.5,3010,37880,116517100,None,97,2670,2,33129910,9.09E-05,59.87553916,
High school diploma or equivalent,Recreational Vehicle Service Technicians,24.9,43,20.3,5.4,5.4,0.8,0.1,67.9,25.7,0.9,14780,37200,578784800,None,59,13410,2,33129910,4.46E-04,59.87553916,
High school diploma or equivalent,Food Batchmakers,21.2,43.4,17.7,9.2,7.3,1,0.2,64.6,26.9,1.2,151950,28500,4692216000,None,70,147490,2,33129910,0.00458649,59.87553916,
High school diploma or equivalent,Stock Clerks and Order Fillers,13.4,42.7,25.6,7.5,9.1,1.4,0.3,56.1,33.1,1.7,2046040,24470,56163798000,None,64,2016320,2,33129910,0.061758091,59.87553916,
High school diploma or equivalent,Musical Instrument Repairers and Tuners,3.9,23.3,28.7,20.7,18.6,3.9,0.9,27.2,49.4,4.8,8240,36530,321689600,None,91,6600,2,33129910,2.49E-04,59.87553916,
High school diploma or equivalent,Reinforcing Iron and Rebar Workers,35.6,43.4,14.6,3.1,2.5,0.6,0.3,79,17.7,0.9,18480,46850,1002909600,None,90,19570,2,33129910,5.58E-04,59.87553916,
High school diploma or equivalent,Structural Metal Fabricators and Fitters,11.9,49.3,25.5,7.5,5.3,0.1,0.4,61.2,33,0.5,77600,38450,3142024000,None,41,76340,2,33129910,0.002342294,59.87553916,
High school diploma or equivalent,New Accounts Clerks,1.3,18.7,37.2,10.9,29.2,2.3,0.4,20,48.1,2.7,41680,35260,1523820800,None,99,41430,2,33129910,0.001258078,59.87553916,
High school diploma or equivalent,Residential Advisors,3,18.5,30.9,13.7,24.1,9,0.8,21.5,44.6,9.8,110720,26830,3194272000,None,6.4,110330,2,33129910,0.003341995,59.87553916,
High school diploma or equivalent,First-Line Supervisors of Retail Sales Workers,5.6,29.5,28.6,10,21.5,3.8,1,35.1,38.6,4.8,1200180,38550,52303844400,Less than 5 years,28,1194270,2,33129910,0.036226479,59.87553916,
High school diploma or equivalent,Electricians,7.7,37.3,32.1,15.2,6.7,0.9,0.2,45,47.3,1.1,631080,54110,36545842800,None,15,607110,2,33129910,0.019048648,59.87553916,
High school diploma or equivalent,Outdoor Power Equipment and Other Small Engine Mechanics,18.1,40.7,25.2,10.5,4.2,1.1,0.2,58.8,35.7,1.3,31300,34370,1127426000,None,93,32990,2,33129910,9.45E-04,59.87553916,
High school diploma or equivalent,First-Line Supervisors of Food Preparation and Serving Workers,11.8,34.4,29,10,12.6,1.8,0.4,46.2,39,2.2,927440,31960,32887022400,Less than 5 years,63,908590,2,33129910,0.027994039,59.87553916,
High school diploma or equivalent,Receptionists and Information Clerks,4.1,32.8,34.1,12.6,13.6,2.5,0.3,36.9,46.7,2.8,1014900,28390,30081636000,None,96,997760,2,33129910,0.03063395,59.87553916,
High school diploma or equivalent,Occupational Health and Safety Technicians,1.9,11.4,14.2,7.8,36.8,25,2.8,13.3,22,27.8,17490,49960,943235700,None,25,16390,2,33129910,5.28E-04,59.87553916,
High school diploma or equivalent,Gaming and Sports Book Writers and Runners,7.9,35.6,30.6,9.3,14.1,2.2,0.4,43.5,39.9,2.6,11210,24030,308835500,None,91,9240,2,33129910,3.38E-04,59.87553916,
High school diploma or equivalent,Terrazzo Workers and Finishers,38.9,40.9,15.1,1.3,3.2,0.5,0.2,79.8,16.4,0.7,2630,40590,119717600,None,88,1750,2,33129910,7.94E-05,59.87553916,
High school diploma or equivalent,Security and Fire Alarm Systems Installers,8.6,39.5,29.7,12.4,8.5,1,0.4,48.1,42.1,1.4,69830,45670,3288993000,None,82,67620,2,33129910,0.002107763,59.87553916,
High school diploma or equivalent,Telephone Operators,4.8,29.9,39.4,12,10,2.8,1.2,34.7,51.4,4,6310,36320,242367100,None,97,5710,2,33129910,1.90E-04,59.87553916,
High school diploma or equivalent,Tellers,2.1,35.3,33.6,12.1,15,1.7,0.3,37.4,45.7,2,491150,28110,14184412000,None,98,496710,2,33129910,0.014824972,59.87553916,
High school diploma or equivalent,Veterinary Assistants and Laboratory Animal Caretakers,6.5,20.7,27.7,14.6,27.6,2.2,0.7,27.2,42.3,2.9,84400,26140,2326908000,None,86,79790,2,33129910,0.002547547,59.87553916,
High school diploma or equivalent,Etchers and Engravers,12.8,36.3,25.3,8.7,13.6,2.2,1.2,49.1,34,3.4,8620,30890,291873200,None,98,9060,2,33129910,2.60E-04,59.87553916,
High school diploma or equivalent,Order Clerks,9.7,32.6,27,10.1,17.6,2.5,0.6,42.3,37.1,3.1,169120,33510,5975009600,None,98,176860,2,33129910,0.005104753,59.87553916,
High school diploma or equivalent,Timing Device Assemblers and Adjusters,17.5,46.8,22.5,6.5,5.7,0.8,0.2,64.3,29,1,680,34800,25370800,None,98,130,2,33129910,2.05E-05,59.87553916,
High school diploma or equivalent,Water and Wastewater Treatment Plant and System Operators,3.4,40.2,31.5,11.6,11,2,0.3,43.6,43.1,2.3,117450,46150,5671660500,None,61,115630,2,33129910,0.003545135,59.87553916,
High school diploma or equivalent,Power Plant Operators,1.1,28.2,32.6,18.2,17.3,2.4,0.3,29.3,50.8,2.7,34170,77180,2595894900,None,85,34520,2,33129910,0.001031394,59.87553916,
High school diploma or equivalent,Wellhead Pumpers,11.5,46.3,26.9,7.8,7.1,0.3,0,57.8,34.7,0.3,11200,52260,594944000,Less than 5 years,84,11470,2,33129910,3.38E-04,59.87553916,
High school diploma or equivalent,Medical Secretaries,2.3,27.4,32.3,14.7,19.3,3.5,0.6,29.7,47,4.1,576520,34610,20679772400,None,81,556800,2,33129910,0.017401798,59.87553916,
High school diploma or equivalent,Personal Care Aides,16.4,34.2,27.6,8.7,10.2,2.3,0.6,50.6,36.3,2.9,2035610,23100,49058201000,None,74,1492220,2,33129910,0.06144327,59.87553916,
High school diploma or equivalent,Social and Human Service Assistants,2.6,15.3,25,10.6,31.8,13,1.7,17.9,35.6,14.7,384080,33120,13619476800,None,13,360720,2,33129910,0.01159315,59.87553916,
High school diploma or equivalent,Pest Control Workers,7.4,45.8,27.7,7.7,10,1.1,0.2,53.2,35.4,1.3,75130,34370,2750509300,None,66,72790,2,33129910,0.002267739,59.87553916,
High school diploma or equivalent,Transportation Inspectors,5,32.7,30.9,14.1,14.4,2.7,0.2,37.7,45,2.9,30030,72140,2213811600,None,90,27220,2,33129910,9.06E-04,59.87553916,
High school diploma or equivalent,Railroad Conductors and Yardmasters,2.6,33.1,36.3,12.2,13.3,1.7,0.8,35.7,48.5,2.5,44490,60300,2819331300,None,83,32150,2,33129910,0.001342895,59.87553916,
High school diploma or equivalent,Surveying and Mapping Technicians,5.9,28.8,38.1,20.9,5.3,0.8,0.3,34.7,59,1.1,51890,43340,2405101500,None,96,50320,2,33129910,0.001566258,59.87553916,
High school diploma or equivalent,Shoe and Leather Workers and Repairers,24.3,43.8,18.2,3,6,3.7,1.1,68.1,21.2,4.8,7180,25610,197809000,None,52,6930,2,33129910,2.17E-04,59.87553916,
High school diploma or equivalent,Gas Plant Operators,6.1,40.3,30.4,13.3,9,0.9,0.1,46.4,43.7,1,14890,69030,1036344000,None,78,15900,2,33129910,4.49E-04,59.87553916,
High school diploma or equivalent,First-Line Supervisors of Correctional Officers,0.6,26.3,32.4,15.9,19.7,4.6,0.4,26.9,48.3,5,42280,62500,2827686400,Less than 5 years,2.5,40530,2,33129910,0.001276188,59.87553916,
High school diploma or equivalent,Power Distributors and Dispatchers,1.1,28.2,32.6,18.2,17.3,2.4,0.3,29.3,50.8,2.7,12110,82510,996774100,None,64,11080,2,33129910,3.66E-04,59.87553916,
High school diploma or equivalent,Highway Maintenance Workers,12.1,56.8,21.3,6.2,3.2,0.4,0,68.9,27.5,0.4,146580,38700,5907174000,None,87,143240,2,33129910,0.004424401,59.87553916,
High school diploma or equivalent,Insurance Sales Agents,1.5,14.9,26.5,9.7,38.9,7,1.5,16.4,36.2,8.5,386320,49710,25879576800,None,92,385720,2,33129910,0.011660762,59.87553916,
High school diploma or equivalent,Stonemasons,35.6,43.4,14.6,3.1,2.5,0.6,0.3,79,17.7,0.9,11990,38940,508016300,None,89,11190,2,33129910,3.62E-04,59.87553916,
High school diploma or equivalent,First-Line Supervisors of Office and Administrative Support Workers,2.8,22.1,28,11.6,26.1,8,1.5,24.9,39.6,9.5,1458380,55060,85373565200,Less than 5 years,1.4,1443130,2,33129910,0.044020041,59.87553916,
High school diploma or equivalent,Crane and Tower Operators,16.6,50.2,23.6,5.6,3.6,0.3,0,66.8,29.2,0.3,43660,52200,2431425400,Less than 5 years,90,44920,2,33129910,0.001317842,59.87553916,
High school diploma or equivalent,Watch Repairers,3.9,23.3,28.7,20.7,18.6,3.9,0.9,27.2,49.4,4.8,2130,35770,84198900,None,99,1090,2,33129910,6.43E-05,59.87553916,
High school diploma or equivalent,Nonfarm Animal Caretakers,8.2,32.7,27.4,10.2,17.8,2.8,1,40.9,37.6,3.8,190520,22950,4795388400,None,82,186670,2,33129910,0.005750695,59.87553916,
High school diploma or equivalent,Septic Tank Servicers and Sewer Pipe Cleaners,22.3,39.1,23.5,7.1,6.7,1.1,0.2,61.4,30.6,1.3,26250,37950,1065487500,None,83,25430,2,33129910,7.92E-04,59.87553916,
High school diploma or equivalent,Traffic Technicians,5.3,38.8,34.4,9.9,8,3.3,0.4,44.1,44.3,3.7,6980,45670,344044200,None,90,6050,2,33129910,2.11E-04,59.87553916,
High school diploma or equivalent,Photographic Process Workers and Processing Machine Operators,6.1,25.9,21.6,10.4,30.4,4.7,0.9,32,32,5.6,22450,27480,737931500,None,99,26200,2,33129910,6.78E-04,59.87553916,
High school diploma or equivalent,Tree Trimmers and Pruners,37.8,35.8,14.8,4.4,6.2,1,0.1,73.6,19.2,1.1,41140,36460,1587181200,None,77,36930,2,33129910,0.001241778,59.87553916,
High school diploma or equivalent,Rail Car Repairers,13.1,44.7,25.4,12,3.7,0.6,0.3,57.8,37.4,0.9,24090,57460,1358194200,None,88,19390,2,33129910,7.27E-04,59.87553916,
High school diploma or equivalent,Upholsterers,29.7,44.3,15,7.2,2.5,1.2,0.1,74,22.2,1.3,32500,33660,1139450000,None,39,31740,2,33129910,9.81E-04,59.87553916,
High school diploma or equivalent,Travel Agents,2.1,18.8,29.1,14.7,28,6.4,0.8,20.9,43.8,7.2,67330,36990,2749757200,None,9.9,68690,2,33129910,0.002032303,59.87553916,
High school diploma or equivalent,Structural Iron and Steel Workers,14.1,46.5,26.7,7.9,4.2,0.5,0.1,60.6,34.6,0.6,74420,52610,4237474800,None,83,69300,2,33129910,0.002246309,59.87553916,
High school diploma or equivalent,File Clerks,3.8,29.7,30.8,12.7,18.2,4,0.8,33.5,43.5,4.8,118840,30120,3826648000,None,97,130710,2,33129910,0.003587091,59.87553916,
Master's degree,Industrial-Organizational Psychologists,0,0,0,0,6.8,42.7,50.5,0,0,93.2,920,87100,94327600,None,1.2,560,6,1281710,7.18E-04,10.48511528,
Master's degree,Curators,0.6,5.5,8.5,3.7,30.8,42.7,8.3,6.1,12.2,51,11550,53770,679486500,None,0.68,11160,6,1281710,0.009011399,10.48511528,
Master's degree,Rehabilitation Counselors,1.1,5.1,8.3,5,25.1,50.4,5,6.2,13.3,55.4,103840,34860,4044568000,None,0.94,103030,6,1281710,0.081016767,10.48511528,
Master's degree,Orthotists and Prosthetists,2.5,17.1,31.9,17.1,22.3,6.4,2.7,19.6,49,9.1,7840,66240,556404800,None,0.35,6260,6,1281710,0.006116828,10.48511528,
Master's degree,Economists,0,0,0,0,23.2,44.8,32,0,0,76.8,19550,102490,2202307500,None,43,17840,6,1281710,0.01525306,10.48511528,
Master's degree,Urban and Regional Planners,1.4,1,6.4,1.5,36.8,48.2,4.7,2.4,7.9,52.9,35310,71490,2625298500,None,13,34810,6,1281710,0.027549134,10.48511528,
Master's degree,Anthropologists and Archeologists,0,3,5.5,2.4,35.6,38.7,14.9,3,7.9,53.6,6120,62280,405939600,None,0.77,5860,6,1281710,0.004774871,10.48511528,
Master's degree,Instructional Coordinators,0.4,5,7.2,4.7,30.3,42.9,9.5,5.4,11.9,52.4,157490,63750,10501433200,5 years or more,0.42,147310,6,1281710,0.122874909,10.48511528,
Master's degree,Sociologists,0,3,5.5,2.4,35.6,38.7,14.9,3,7.9,53.6,2770,79650,238580100,None,5.9,2650,6,1281710,0.002161175,10.48511528,
Master's degree,Marriage and Family Therapists,1.1,5.1,8.3,5,25.1,50.4,5,6.2,13.3,55.4,42880,48790,2309516800,None,1.4,36180,6,1281710,0.033455306,10.48511528,
Master's degree,Archivists,0.6,5.5,8.5,3.7,30.8,42.7,8.3,6.1,12.2,51,6080,51760,337257600,None,76,5400,6,1281710,0.004743663,10.48511528,
Master's degree,Mental Health and Substance Abuse Social Workers,1.1,5.8,9.4,6,40.8,35.1,1.8,6.9,15.4,36.9,112040,43250,5358873200,None,0.31,111370,6,1281710,0.08741447,10.48511528,
Master's degree,Occupational Therapists,0.3,1.2,1.4,6,39.1,46.1,5.9,1.5,7.4,52,126050,83200,10668872000,None,0.35,118060,6,1281710,0.098345179,10.48511528,
Master's degree,Mathematicians,0,0,4.1,2.3,30.2,40.6,22.8,0,6.4,63.4,2730,103010,285831000,None,4.7,2210,6,1281710,0.002129967,10.48511528,
Master's degree,Speech-Language Pathologists,0.3,1.1,0.6,0.9,10.3,83.5,3.4,1.4,1.5,86.9,142360,76610,11356057200,None,0.64,136010,6,1281710,0.111070367,10.48511528,
Master's degree,Political Scientists,0,3,5.5,2.4,35.6,38.7,14.9,3,7.9,53.6,6320,115110,708029600,None,3.9,5960,6,1281710,0.004930913,10.48511528,
Master's degree,Statisticians,0,0,4.1,2.3,30.2,40.6,22.8,0,6.4,63.4,36540,84060,3251329200,None,22,33330,6,1281710,0.028508789,10.48511528,
Master's degree,Survey Researchers,0,3,5.5,2.4,35.6,38.7,14.9,3,7.9,53.6,11270,54270,684089000,None,23,11330,6,1281710,0.008792941,10.48511528,
Master's degree,Healthcare Social Workers,1.1,5.8,9.4,6,40.8,35.1,1.8,6.9,15.4,36.9,167730,54870,9528741300,None,0.35,159340,6,1281710,0.130864236,10.48511528,
Master's degree,Farm and Home Management Advisors,0.4,5,7.2,4.7,30.3,42.9,9.5,5.4,11.9,52.4,8450,49510,441259000,None,0.75,7250,6,1281710,0.006592755,10.48511528,
Master's degree,Historians,0,3,5.5,2.4,35.6,38.7,14.9,3,7.9,53.6,3060,59120,196513200,None,44,2190,6,1281710,0.002387436,10.48511528,
Master's degree,Computer and Information Research Scientists,0.4,4.9,2.5,0.3,34.8,33,24,5.3,2.8,57,27920,114520,3338394400,None,1.5,24750,6,1281710,0.021783399,10.48511528,
Master's degree,Epidemiologists,0.3,0.6,0.3,0.6,21.7,23.1,53.5,0.9,0.9,76.6,6870,69660,523700100,None,20,5080,6,1281710,0.005360027,10.48511528,
Master's degree,Librarians,0.2,1.9,8.4,4.5,23.3,56.8,4.9,2.1,12.9,61.7,126800,58520,7704368000,None,65,129310,6,1281710,0.098930335,10.48511528,
Master's degree,Physician Assistants,0.4,0.6,2.2,4.5,16.5,58.6,17.2,1,6.7,75.8,109220,104860,11441887200,None,14,104100,6,1281710,0.085214284,10.48511528,
No formal educational credential,Telemarketers,6,30.2,33.4,10.8,16.6,2.9,0.2,36.2,44.2,3.1,189670,24460,5248168900,None,99,214570,1,23765700,0.00798083,90.03359695,
No formal educational credential,Fence Erectors,45,33.1,15.7,2.9,2.5,0.5,0.4,78.1,18.6,0.9,21430,33320,777051800,None,92,20030,1,23765700,9.02E-04,90.03359695,
No formal educational credential,Carpet Installers,36.6,41.5,14.5,4,2.9,0.4,0,78.1,18.5,0.4,26120,38830,1154504000,None,87,24540,1,23765700,0.001099063,90.03359695,
No formal educational credential,Gaming Change Persons and Booth Cashiers,14.9,40.9,25.4,7.5,9.3,1.7,0.3,55.8,32.9,2,24050,23910,624097500,None,83,19940,1,23765700,0.001011963,90.03359695,
No formal educational credential,Floor Sanders and Finishers,36.6,41.5,14.5,4,2.9,0.4,0,78.1,18.5,0.4,4320,36950,169603200,None,87,3490,1,23765700,1.82E-04,90.03359695,
No formal educational credential,Roofers,46.8,36.7,11.4,1.7,3,0.3,0.1,83.5,13.1,0.4,121170,38970,5183652600,None,90,116160,1,23765700,0.005098524,90.03359695,
No formal educational credential,Landscaping and Groundskeeping Workers,37.8,35.8,14.8,4.4,6.2,1,0.1,73.6,19.2,1.1,912360,27670,27097092000,None,95,906620,1,23765700,0.03838978,90.03359695,
No formal educational credential,Drywall and Ceiling Tile Installers,44.8,39.9,11.1,2.1,1.9,0.3,0,84.7,13.2,0.3,96550,42860,4755087500,None,79,91890,1,23765700,0.004062578,90.03359695,
No formal educational credential,Paperhangers,35,39.2,15.6,4.2,4.8,0.9,0.2,74.2,19.8,1.1,2710,37030,110920300,None,87,1810,1,23765700,1.14E-04,90.03359695,
No formal educational credential,Hoist and Winch Operators,16.8,59.1,12.3,6.9,4.6,0.4,0,75.9,19.2,0.4,3080,43210,169122800,None,65,1910,1,23765700,1.30E-04,90.03359695,
No formal educational credential,Food Preparation Workers,26,37.3,20.8,6.4,7.8,1.3,0.3,63.3,27.2,1.6,832690,22730,19901291000,None,87,850660,1,23765700,0.03503747,90.03359695,
No formal educational credential,Construction Laborers,34.5,39.6,16.1,4.1,4.8,0.7,0.2,74.1,20.2,0.9,962060,34530,37414513400,None,88,912090,1,23765700,0.040481029,90.03359695,
No formal educational credential,Machine Feeders and Offbearers,25.5,45.8,17.9,6,4.1,0.6,0.2,71.3,23.9,0.8,74350,28510,2283288500,None,93,80050,1,23765700,0.003128458,90.03359695,
No formal educational credential,Craft Artists,2.5,11.3,18.7,8.4,46.4,11.3,1.4,13.8,27.1,12.7,4730,34940,194781400,None,3.5,3920,1,23765700,1.99E-04,90.03359695,
No formal educational credential,Athletes and Sports Competitors,1.5,10.5,18.6,7,41.2,19.1,2.1,12,25.6,21.2,11150,51370,984545000,None,28,8470,1,23765700,4.69E-04,90.03359695,
No formal educational credential,Continuous Mining Machine Operators,14.8,51.9,24.1,4.4,4.1,0.7,0,66.7,28.5,0.7,12000,54620,660480000,None,54,9870,1,23765700,5.05E-04,90.03359695,
No formal educational credential,Automotive and Watercraft Service Attendants,18.9,43.8,24.7,4.5,6.3,1.4,0.4,62.7,29.2,1.8,118850,23390,2983135000,None,83,109310,1,23765700,0.005000905,90.03359695,
No formal educational credential,Dining Room and Cafeteria Attendants and Bartender Helpers,25.6,41.3,19.7,5.4,6.9,0.8,0.2,66.9,25.1,1,436730,21160,10066626500,None,91,423070,1,23765700,0.018376484,90.03359695,
No formal educational credential,Taxi Drivers and Chauffeurs,13.5,34.4,25.3,7.7,14.4,3.9,0.8,47.9,33,4.7,198470,24880,5453955600,None,89,188870,1,23765700,0.008351111,90.03359695,
No formal educational credential,Demonstrators and Product Promoters,7.6,31.1,29.9,8.2,17.7,4.4,1,38.7,38.1,5.4,84780,27060,2698547400,None,51,85020,1,23765700,0.003567326,90.03359695,
No formal educational credential,Industrial Truck and Tractor Operators,20.4,51.9,20.2,4.3,2.9,0.2,0,72.3,24.5,0.2,570300,33630,20171511000,None,93,542770,1,23765700,0.023996768,90.03359695,
No formal educational credential,Refuse and Recyclable Material Collectors,25.8,48.2,16.7,4.9,3.9,0.6,0.1,74,21.6,0.7,115130,36160,4480859600,None,93,114650,1,23765700,0.004844377,90.03359695,
No formal educational credential,Parts Salespersons,8.7,46.8,28.2,9.5,5.9,0.6,0.3,55.5,37.7,0.9,252770,29380,8321188400,None,98,248730,1,23765700,0.010635916,90.03359695,
No formal educational credential,Maids and Housekeeping Cleaners,37.4,39,14.3,4.2,4.2,0.6,0.2,76.4,18.5,0.8,922660,22860,22725115800,None,69,924640,1,23765700,0.038823178,90.03359695,
No formal educational credential,Bartenders,5.9,27.6,35.2,10.3,18.7,2,0.4,33.5,45.5,2.4,613350,21690,16106571000,None,77,603330,1,23765700,0.025808203,90.03359695,
No formal educational credential,Amusement and Recreation Attendants,8.9,28.8,28.2,8.4,20,5,0.8,37.7,36.6,5.8,310970,21060,7077677200,None,72,286730,1,23765700,0.013084824,90.03359695,
No formal educational credential,Plasterers and Stucco Masons,46.3,39.4,10.1,1.7,2.3,0.1,0.1,85.7,11.8,0.2,24180,40750,1098013800,None,84,21100,1,23765700,0.001017433,90.03359695,
No formal educational credential,Sewing Machine Operators,40.1,36.1,13.7,4.2,4.8,0.8,0.1,76.2,17.9,0.9,136530,24320,3583912500,None,89,139510,1,23765700,0.005744834,90.03359695,
No formal educational credential,Models,7.6,31.1,29.9,8.2,17.7,4.4,1,38.7,38.1,5.4,3710,22900,118237700,None,98,2810,1,23765700,1.56E-04,90.03359695,
No formal educational credential,Retail Salespersons,6.8,29.2,28.2,10.3,21.2,3.8,0.7,36,38.5,4.5,4442090,23210,1.2198E+11,None,92,4528570,1,23765700,0.18691181,90.03359695,
No formal educational credential,Conveyor Operators and Tenders,16.8,59.1,12.3,6.9,4.6,0.4,0,75.9,19.2,0.4,26570,32300,916133600,None,93,27590,1,23765700,0.001117998,90.03359695,
No formal educational credential,Waiters and Waitresses,12.7,32.6,29.7,9.3,13.6,1.7,0.4,45.3,39,2.1,2584220,20820,65329081600,None,94,2564620,1,23765700,0.108737382,90.03359695,
No formal educational credential,Parking Lot Attendants,15.3,36.8,24.1,9.8,11.3,2.4,0.3,52.1,33.9,2.7,145400,22810,3537582000,None,87,145820,1,23765700,0.006118061,90.03359695,
No formal educational credential,Farm Labor Contractors,1.6,9.8,18.5,8.5,43.5,16,2.1,11.4,27,18.1,780,35660,38134200,Less than 5 years,97,350,1,23765700,3.28E-05,90.03359695,
No formal educational credential,Cement Masons and Concrete Finishers,38.9,40.9,15.1,1.3,3.2,0.5,0.2,79.8,16.4,0.7,178640,40650,8126333600,None,94,173910,1,23765700,0.007516715,90.03359695,
No formal educational credential,Cleaners of Vehicles and Equipment,30.2,43.7,16.9,4.5,3.8,0.6,0.3,73.9,21.4,0.9,373290,23360,9619683300,None,37,348790,1,23765700,0.01570709,90.03359695,
No formal educational credential,Counter and Rental Clerks,11.7,38.5,23.6,8,15.3,2.4,0.4,50.2,31.6,2.8,445530,25820,13250062200,None,97,450320,1,23765700,0.018746765,90.03359695,
No formal educational credential,Cashiers,14.9,40.9,25.4,7.5,9.3,1.7,0.3,55.8,32.9,2,3588960,21050,79531353600,None,97,3540980,1,23765700,0.151014277,90.03359695,
No formal educational credential,Shampooers,22.9,37,21.1,7.6,9.5,1.6,0.3,59.9,28.7,1.9,13330,20320,288594500,None,79,14390,1,23765700,5.61E-04,90.03359695,
No formal educational credential,Crossing Guards,15.3,44.7,23.8,8,6.2,1.5,0.4,60,31.8,1.9,76440,27630,2306194800,None,49,72460,1,23765700,0.0032164,90.03359695,
No formal educational credential,Mine Shuttle Car Operators,16.9,46.9,23.1,7,5.5,0.7,0.1,63.8,30.1,0.8,1550,56890,87590500,None,37,1370,1,23765700,6.52E-05,90.03359695,
No formal educational credential,Tile and Marble Setters,36.6,41.5,14.5,4,2.9,0.4,0,78.1,18.5,0.4,38820,41680,1800083400,None,75,36690,1,23765700,0.001633447,90.03359695,
No formal educational credential,Laundry and Dry-Cleaning Workers,35.2,41.6,14.2,3.8,4.2,0.9,0.1,76.8,18,1,209350,22370,4976249500,None,71,207730,1,23765700,0.008808914,90.03359695,
No formal educational credential,Bakers,21.3,39.2,20.8,8.4,9,0.8,0.4,60.5,29.2,1.2,182890,25690,5106288800,None,89,180450,1,23765700,0.007695544,90.03359695,
No formal educational credential,Tapers,44.8,39.9,11.1,2.1,1.9,0.3,0,84.7,13.2,0.3,18080,51620,1004163200,None,62,17960,1,23765700,7.61E-04,90.03359695,
No formal educational credential,Sailors and Marine Oilers,11.9,37.2,30.2,4.9,13.5,2.4,0,49.1,35.1,2.4,30940,40730,1440566400,None,83,28420,1,23765700,0.001301876,90.03359695,
No formal educational credential,Cashiers,14.9,40.9,25.4,7.5,9.3,1.7,0.3,55.8,32.9,2,3564920,21030,78891679600,None,97,3540980,1,23765700,0.150002735,90.03359695,
No formal educational credential,Butchers and Meat Cutters,34,39.7,17.7,4.4,3.5,0.5,0.1,73.7,22.1,0.6,131530,30890,4283932100,None,93,133930,1,23765700,0.005534447,90.03359695,
No formal educational credential,Pipelayers,16.5,46.5,24.6,7.3,4.4,0.5,0.2,63,31.9,0.7,38690,38400,1671794900,None,62,39320,1,23765700,0.001627976,90.03359695,
No formal educational credential,Motion Picture Projectionists,3.3,25.2,23.7,16.1,24.4,7.4,0,28.5,39.8,7.4,5700,22050,141303000,None,97,4810,1,23765700,2.40E-04,90.03359695,
No formal educational credential,Dishwashers,42.7,38,11.8,3,3.5,0.8,0.3,80.7,14.8,1.1,503540,21500,11183623400,None,77,506490,1,23765700,0.021187678,90.03359695,
No formal educational credential,Slaughterers and Meat Packers,34,39.7,17.7,4.4,3.5,0.5,0.1,73.7,22.1,0.6,77570,27530,2158773100,None,60,67150,1,23765700,0.003263948,90.03359695,
Postsecondary nondegree award,Dental Assistants,3.2,25.3,39.7,21.3,8.4,0.7,1.5,28.5,61,2.2,337160,37630,13044720400,None,51,327270,3,5904150,0.057105595,51.67503712,
Postsecondary nondegree award,Tool and Die Makers,6.9,41.6,30.9,17.3,3.1,0.2,0,48.5,48.2,0.2,73510,52480,3915142600,None,84,72180,3,5904150,0.012450564,51.67503712,
Postsecondary nondegree award,Psychiatric Technicians,1.8,20.1,34.7,21.6,18.2,2.5,1.1,21.9,56.3,3.6,66930,31670,2414165100,Less than 5 years,4.3,61140,3,5904150,0.011336094,51.67503712,
Postsecondary nondegree award,Skincare Specialists,22.9,37,21.1,7.6,9.5,1.6,0.3,59.9,28.7,1.9,44940,30080,1578742200,None,29,43510,3,5904150,0.007611595,51.67503712,
Postsecondary nondegree award,Emergency Medical Technicians and Paramedics,0.8,12.2,44.4,22.2,17.4,2.5,0.5,13,66.6,3,251860,33380,9243262000,None,4.9,241120,3,5904150,0.04265813,51.67503712,
Postsecondary nondegree award,Heavy and Tractor-Trailer Truck Drivers,16.3,47.6,23.5,6.1,5.4,0.9,0.3,63.9,29.6,1.2,1748140,42480,77792230000,None,79,1704540,3,5904150,0.296086651,51.67503712,
Postsecondary nondegree award,Fire Inspectors and Investigators,1.5,22.7,30.7,20.9,20,3.7,0.5,24.2,51.6,4.2,11940,59260,743384400,5 years or more,48,11490,3,5904150,0.002022306,51.67503712,
Postsecondary nondegree award,Massage Therapists,2.9,18.8,34.5,18.3,19.6,3.9,2,21.7,52.8,5.9,103300,39990,4643335000,None,54,95820,3,5904150,0.017496168,51.67503712,
Postsecondary nondegree award,Electronic Home Entertainment Equipment Installers and Repairers,8.3,33.8,31.9,12.4,11.7,1.4,0.6,42.1,44.3,2,25810,37190,1006073800,None,65,25010,3,5904150,0.004371501,51.67503712,
Postsecondary nondegree award,Manicurists and Pedicurists,22.9,37,21.1,7.6,9.5,1.6,0.3,59.9,28.7,1.9,104020,23230,2598419600,None,95,88360,3,5904150,0.017618116,51.67503712,
Postsecondary nondegree award,Court Reporters,1.6,16.9,25.9,13.5,29.5,7.8,4.8,18.5,39.4,12.6,15220,55120,914113200,None,50,15350,3,5904150,0.002577848,51.67503712,
Postsecondary nondegree award,Audio and Video Equipment Technicians,1.3,17.9,29.4,16.7,30.4,3.7,0.5,19.2,46.1,4.2,72740,42190,3457332200,None,55,69640,3,5904150,0.012320148,51.67503712,
Postsecondary nondegree award,Automotive Service Technicians and Mechanics,17.3,44.7,22.2,11.6,3.6,0.4,0.2,62,33.8,0.6,639700,39550,27289602000,None,59,647350,3,5904150,0.108347518,51.67503712,
Postsecondary nondegree award,Firefighters,1.1,14.9,38,23.1,19.9,2.6,0.4,16,61.1,3,319860,49080,16610329800,None,17,315330,3,5904150,0.054175453,51.67503712,
Postsecondary nondegree award,Motorcycle Mechanics,18.1,40.7,25.2,10.5,4.2,1.1,0.2,58.8,35.7,1.3,15850,35680,606579500,None,79,15850,3,5904150,0.002684552,51.67503712,
Postsecondary nondegree award,Commercial Divers,13,39.9,26.6,10.3,8.2,1.7,0.2,52.9,36.9,1.9,3280,47210,181285600,None,18,2540,3,5904150,5.56E-04,51.67503712,
Postsecondary nondegree award,Medical Records and Health Information Technicians,1.8,19.7,32.1,23.5,18.1,3.7,1.2,21.5,55.6,4.9,204220,39180,8744700400,None,91,200130,3,5904150,0.03458923,51.67503712,
Postsecondary nondegree award,Medical Transcriptionists,0.3,22.6,38.9,20,15.5,2.4,0.4,22.9,58.9,2.8,55880,35250,2034032000,None,89,54100,3,5904150,0.009464529,51.67503712,
Postsecondary nondegree award,Library Technicians,3.1,31.6,17.8,9.8,24.3,12.2,1.2,34.7,27.6,13.4,90030,33690,3196965300,None,99,93400,3,5904150,0.015248596,51.67503712,
Postsecondary nondegree award,Aircraft Mechanics and Service Technicians,2.3,23.9,39.6,22.2,10.5,1.3,0.2,26.2,61.8,1.5,131500,61020,8224010000,None,71,128550,3,5904150,0.022272469,51.67503712,
Postsecondary nondegree award,Motorboat Operators,8.7,31.7,26.1,7.7,20,4,1.7,40.4,33.8,5.7,2510,44600,115133700,Less than 5 years,62,2170,3,5904150,4.25E-04,51.67503712,
Postsecondary nondegree award,Ship Engineers,11.9,37.2,30.2,4.9,13.5,2.4,0,49.1,35.1,2.4,7890,73110,615183300,Less than 5 years,4.1,5990,3,5904150,0.001336348,51.67503712,
Postsecondary nondegree award,Sound Engineering Technicians,1.3,17.9,29.4,16.7,30.4,3.7,0.5,19.2,46.1,4.2,13370,55810,911566600,None,13,14030,3,5904150,0.002264509,51.67503712,
Postsecondary nondegree award,Medical Assistants,1.9,20.2,40,25.6,9.6,1.6,1.1,22.1,65.6,2.7,646320,32480,21703425600,None,30,623600,3,5904150,0.109468763,51.67503712,
Postsecondary nondegree award,Surgical Technologists,1.8,20.1,34.7,21.6,18.2,2.5,1.1,21.9,56.3,3.6,106470,46310,5116948200,None,34,105720,3,5904150,0.018033078,51.67503712,
Postsecondary nondegree award,Prepress Technicians and Workers,11.5,30.4,26.4,13.3,14.9,2.9,0.6,41.9,39.7,3.5,31500,39910,1315755000,None,97,32800,3,5904150,0.00533523,51.67503712,
Postsecondary nondegree award,First-Line Supervisors of Fire Fighting and Prevention Workers,0.6,11.8,36.6,21.3,23.3,5.7,0.7,12.4,57.9,6.4,58690,76170,4661746700,Less than 5 years,0.36,56980,3,5904150,0.009940466,51.67503712,
Postsecondary nondegree award,Barbers,11.3,47.2,28.7,8.1,4.3,0.4,0,58.5,36.8,0.4,18810,25650,573328800,None,80,10050,3,5904150,0.003185895,51.67503712,
Postsecondary nondegree award,Licensed Practical and Licensed Vocational Nurses,1.7,22.6,53.7,16.9,4.1,0.6,0.3,24.3,70.6,0.9,702700,45030,32120417000,None,5.8,702380,3,5904150,0.119017979,51.67503712,
Some college, no degree,Teacher Assistants,4.3,29.3,26.2,14.5,21.1,4.2,0.6,33.6,40.7,4.8,1299800,26260,36329410000,None,56,1263800,0,1299800,1,56